text,label,predicted,confidence,accepted
How do I locate my card?,card_arrival,order_physical_card,0.17581956056388018,False
"I still have not received my new card, I ordered over a week ago.",card_arrival,card_arrival,0.9929214980608517,True
I ordered a card but it has not arrived. Help please!,card_arrival,card_arrival,0.47323514848623954,False
Is there a way to know when my card will arrive?,card_arrival,card_arrival,0.8721269978519707,True
My card has not arrived yet.,card_arrival,card_arrival,0.8828154850064579,True
When will I get my card?,card_arrival,card_delivery_estimate,0.7669753672714291,True
Do you know if there is a tracking number for the new card you sent me?,card_arrival,card_arrival,0.9827266819228377,True
i have not received my card,card_arrival,card_arrival,0.7546566130449888,True
still waiting on that card,card_arrival,card_arrival,0.7532142134235339,True
Is it normal to have to wait over a week for my new card?,card_arrival,card_arrival,0.7092229412500989,True
How do I track my card?,card_arrival,card_arrival,0.9675084014079419,True
How long does a card delivery take?,card_arrival,card_delivery_estimate,0.9441990063454314,True
I still don't have my card after 2 weeks.  What should I do?,card_arrival,card_arrival,0.6803101348924354,True
still waiting on my new card,card_arrival,card_arrival,0.9878268111322801,True
I am still waiting for my card after 1 week.  Is this ok?,card_arrival,card_arrival,0.8669790711360201,True
"I have been waiting longer than expected for my bank card, could you provide information on when it will arrive?",card_arrival,card_arrival,0.5521274619288168,True
I've been waiting longer than expected for my card.,card_arrival,card_arrival,0.527518850536872,True
Why hasn't my card been delivered?,card_arrival,card_arrival,0.8465294503191608,True
Where is my new card? I have been waiting a week!,card_arrival,card_arrival,0.9955894495490314,True
My card still hasn't arrived after 2 weeks. Is it lost?,card_arrival,card_arrival,0.955906419511402,True
"I did not get my card yet, is it lost?",card_arrival,card_arrival,0.13426775933728527,False
Status of the card I ordered.,card_arrival,card_arrival,0.8063325125263034,True
How long should my new card take to arrive?,card_arrival,card_arrival,0.829278541731382,True
I ordered my card 2 weeks ago and it still isn't here? What do I do?,card_arrival,card_arrival,0.8878547111866884,True
"My card has not arrived yet, where is it?",card_arrival,card_arrival,0.8593128899358358,True
What is the tracking number for my card that was mailed?,card_arrival,card_arrival,0.9818559987834681,True
I think something went wrong with my card delivery as I haven't received it yet.,card_arrival,card_arrival,0.4776084385287208,False
"I'm still waiting for delivery of my new card, why is it taking so long?",card_arrival,card_arrival,0.9513434612890339,True
"I ordered a card a week ago, and it's still not here. What do I do?",card_arrival,card_arrival,0.834171097658182,True
i want to track the card you sent,card_arrival,card_arrival,0.9893511846971813,True
My card hasn't arrived yet.,card_arrival,card_arrival,0.9812735054087923,True
I was expecting my new card and am wondering why I haven't received it yet?,card_arrival,card_arrival,0.9007325948449877,True
How do I know when my card will arrive?,card_arrival,card_arrival,0.42338596264301587,False
I'm still waiting on my card to be delivered.,card_arrival,card_arrival,0.8964758424406063,True
Does the card you sent have a way to track to it?,card_arrival,card_arrival,0.9882971331679387,True
I ordered a card and I still haven't received it. It's been two weeks. What can I do?,card_arrival,card_arrival,0.960002333284398,True
"I'm starting to think my card is lost because it still hasn't arrived, can you help?",card_arrival,lost_or_stolen_card,0.375620273878131,False
Is there tracking info available?,card_arrival,card_arrival,0.5165808167800228,True
What is the tracking number for the card you sent?,card_arrival,card_arrival,0.9913633773434004,True
Where is the tracking number for the card you sent me?,card_arrival,card_arrival,0.9952654853995714,True
Why won't my card show up on the app?,card_linking,card_linking,0.7252851504234187,True
I would like to reactivate my card.,card_linking,card_linking,0.9525064071157333,True
Where do I link the new card?,card_linking,card_linking,0.9989882443303238,True
"I have received my card, can you help me put it in the app?",card_linking,card_linking,0.951583207262909,True
How do I link a card that I already have?,card_linking,card_linking,0.9925906215767236,True
"I received my new card, but I don't see it in the app anywhere.  What do I do?",card_linking,card_linking,0.7545535720985569,True
How do I re-add a card to the app?,card_linking,card_linking,0.972235350907458,True
How do I add the card to my account?,card_linking,card_linking,0.5178974516994734,True
Can I put my old card back into the system? I just found it/,card_linking,card_linking,0.8843178500035452,True
"I have one of your cards already, how do I link it?",card_linking,card_linking,0.9534075685963843,True
How do I link a new card?,card_linking,card_linking,0.9978670228406077,True
Can I link an existing card?,card_linking,card_linking,0.9337395727010914,True
How do I link one your card if I have one already?,card_linking,card_linking,0.9738313656205411,True
How do I add a card to the app?,card_linking,card_linking,0.9960261179821446,True
Can I link my new card?,card_linking,card_linking,0.9939749387292989,True
"Hello, I found the card I misplaced and I need to reactive it, how do I do that?",card_linking,card_linking,0.8879995101008268,True
Can you tell me how to link one of your cards that I already have?,card_linking,card_linking,0.803487935025472,True
How do I view the card I received in the app?,card_linking,card_linking,0.9396727738246392,True
Where on the website do I go to link my card?,card_linking,card_linking,0.9673863135856636,True
"I found my card, can I add it to the app?",card_linking,card_linking,0.9992719327504969,True
How do I link to my credit card with you?,card_linking,card_linking,0.8429592402832244,True
I've received my card so now I need to know how to sync it to the app.,card_linking,card_linking,0.44877691132893344,False
"I found my card, I would like to reactivate it.",card_linking,card_linking,0.9976058500455487,True
How do I link this new card?,card_linking,card_linking,0.9962002738610816,True
Can I reactivate my lost card that I found this morning in my jacket pocket?,card_linking,card_linking,0.9926466278467726,True
how do I link an already existing card?,card_linking,card_linking,0.9768968837590437,True
The app doesn't show the card I received.,card_linking,card_linking,0.37100126641763287,False
how do I link a card I already have?,card_linking,card_linking,0.9933831725229606,True
I would like to link my card. How do I do it?,card_linking,card_linking,0.9927213526110172,True
Can you please show me where I can find the location to link my card?,card_linking,card_linking,0.8680285804035622,True
Where do I go if I want to link my new card?,card_linking,card_linking,0.9973270156002995,True
Is there a way to make my old card usable with the app?,card_linking,card_linking,0.5254798124587181,True
Can I reactivate a card I thought I lost?,card_linking,card_linking,0.9392085543472086,True
How do I link my card,card_linking,card_linking,0.998795175874443,True
Where do I need to go in the app to enter my card info?,card_linking,card_linking,0.6627485092156996,True
I have found my lost or stolen card. Is there a way I can link the card with my account through my app again?,card_linking,card_linking,0.9473926467518063,True
"Could you help me reactivate my card? It was previously lost, but I found it this morning in my jacket.",card_linking,card_linking,0.9877825527722641,True
"I already have one of your cards, how do I link them?",card_linking,card_linking,0.8902995078033037,True
How do I link my replacement card?,card_linking,card_linking,0.8198740160693184,True
Can I link another card to my account?,card_linking,getting_spare_card,0.7027188997630627,True
I need to know your exchange rates.,exchange_rate,exchange_rate,0.991526448280799,True
What exchange rates do you offer?,exchange_rate,exchange_rate,0.9785576070050593,True
How did you come up with your exchange rates?,exchange_rate,exchange_rate,0.9754389901136296,True
Where do you guys acquire your exchange rate?,exchange_rate,exchange_rate,0.9833800591105397,True
How do I find the exchange rate?,exchange_rate,exchange_rate,0.9801223511984228,True
What are your international exchange rates?,exchange_rate,exchange_rate,0.9096256911082808,True
How often do your exchange rates change,exchange_rate,exchange_rate,0.968230511940564,True
Please advise what is the exchange rate,exchange_rate,exchange_rate,0.7943499540856943,True
How are exchange rates calculated?,exchange_rate,exchange_rate,0.9836412806080082,True
what are exchange rates based on,exchange_rate,exchange_rate,0.9341470539566509,True
what are exchange rates,exchange_rate,exchange_rate,0.9822747560208842,True
What are the most current exchange rates?,exchange_rate,exchange_rate,0.8999224526113196,True
Can you explain your exchange rate policy to me?,exchange_rate,exchange_rate,0.9127045328049677,True
Is it a good time to exchange?,exchange_rate,exchange_charge,0.24942484157931646,False
What is the exchange rate like on this app?,exchange_rate,exchange_rate,0.9105547263312505,True
Do you have a list of exchange rates?,exchange_rate,exchange_rate,0.9507441657822419,True
Can you tell me where you get your exchange rates?,exchange_rate,exchange_rate,0.989841700059397,True
Will I get a curreng foreign exchange rate?,exchange_rate,exchange_rate,0.8373223342514814,True
What currencies is an exchange rate calculated in?,exchange_rate,exchange_rate,0.7270092819812439,True
Where do you get your exchange rates from?,exchange_rate,exchange_rate,0.9913939987173795,True
What is the base of the exchange rates?,exchange_rate,exchange_rate,0.9707388597570096,True
What exchange rate do you use?,exchange_rate,exchange_rate,0.9918127208680738,True
The exchange rates are?,exchange_rate,exchange_rate,0.9477123907889712,True
What do you base your exchange rates on?,exchange_rate,exchange_rate,0.9975816012505772,True
What foreign exchange rate will you use?,exchange_rate,exchange_rate,0.9687164182854197,True
How much will I get with the exchange rate?,exchange_rate,exchange_rate,0.8673137759269125,True
The exchange rate would be?,exchange_rate,wrong_exchange_rate_for_cash_withdrawal,0.4923478559155315,True
What is the exchange rate like?,exchange_rate,exchange_rate,0.9560076288253966,True
How do your exchange rates work?,exchange_rate,exchange_rate,0.995671700202181,True
what is the exchange rate?,exchange_rate,exchange_rate,0.9713085627593625,True
Where did your guys exchange rates come from?,exchange_rate,exchange_rate,0.9190678916217282,True
How are you determining your exchange rates?,exchange_rate,exchange_rate,0.9958412386188646,True
I'm trying to figure out the current exchange rate.,exchange_rate,exchange_rate,0.5412368685576776,True
From where are you getting your exchange rates?,exchange_rate,exchange_rate,0.9766124293291685,True
Can you tell me the foreign exchange rate?,exchange_rate,exchange_rate,0.8913707917835789,True
why do your exchange rates change,exchange_rate,exchange_rate,0.9791227063336622,True
What kind of foreign exchange rate will I get when I exchange my money?,exchange_rate,exchange_rate,0.8111452054314224,True
What is my foreign exchange rate?,exchange_rate,exchange_rate,0.9166179905300321,True
when does the rate get determined,exchange_rate,exchange_rate,0.6378811401315603,True
What is the current exchange rate for me?,exchange_rate,exchange_rate,0.7923030527483449,True
I purchased something in a foreign currency but the rate applied is wrong,card_payment_wrong_exchange_rate,card_payment_wrong_exchange_rate,0.9876812543474491,True
I made a currency exchange and think I was charged more than I should of been.,card_payment_wrong_exchange_rate,card_payment_wrong_exchange_rate,0.4058814744644621,False
the card payment exchange rate is wrong,card_payment_wrong_exchange_rate,card_payment_wrong_exchange_rate,0.9827478347656445,True
The exchange rate was wrong when I bought something outside the country.,card_payment_wrong_exchange_rate,card_payment_wrong_exchange_rate,0.9298925029867621,True
The exchange rate on my purchase is wrong.,card_payment_wrong_exchange_rate,card_payment_wrong_exchange_rate,0.9972115453070812,True
This rate is too low. Are you sure your using the right exchange rate.,card_payment_wrong_exchange_rate,card_payment_wrong_exchange_rate,0.7252604557327583,True
"I bought something, but the exchange rate looks wrong.",card_payment_wrong_exchange_rate,card_payment_wrong_exchange_rate,0.9920616980677246,True
The rate applied to my foreign purchase was incorrect,card_payment_wrong_exchange_rate,card_payment_wrong_exchange_rate,0.9448962244674092,True
I bought something in a foreign currency but the rate applied is wrong!,card_payment_wrong_exchange_rate,card_payment_wrong_exchange_rate,0.9860847762325975,True
My exchange went wrong. I swapped Russian Ruble for UK pounds and was charged too much.,card_payment_wrong_exchange_rate,card_payment_wrong_exchange_rate,0.9837051062338887,True
You did not apply the correct exchange rate for an item that I bought.,card_payment_wrong_exchange_rate,card_payment_wrong_exchange_rate,0.9829974014065262,True
The rate of exchange for my card payment is incorrect,card_payment_wrong_exchange_rate,card_payment_wrong_exchange_rate,0.9806466863984402,True
The rate for a currency exchange was wrong when I bought something.,card_payment_wrong_exchange_rate,card_payment_wrong_exchange_rate,0.9960345478811631,True
Why is the exchange rate wrong when I purchase something abroad?,card_payment_wrong_exchange_rate,card_payment_wrong_exchange_rate,0.9801702588544976,True
I bought an item and noticed the exchange rate was not correct.,card_payment_wrong_exchange_rate,card_payment_wrong_exchange_rate,0.9843203292400348,True
I bought something overseas and the wrong exchange rate is on my statement.,card_payment_wrong_exchange_rate,card_payment_wrong_exchange_rate,0.9804719941205349,True
The exchange rate for my transaction last Saturday seems to have been wrong I got charged extra.  Please fix.,card_payment_wrong_exchange_rate,card_payment_wrong_exchange_rate,0.7715797982845387,True
Why is your exchange rate for my card payment wrong,card_payment_wrong_exchange_rate,card_payment_wrong_exchange_rate,0.9775609646406094,True
Why am I being charged more ?,card_payment_wrong_exchange_rate,card_payment_fee_charged,0.5621193654137053,True
I purchased an item and the exchange rate I was given was incorrect.,card_payment_wrong_exchange_rate,card_payment_wrong_exchange_rate,0.973902649874549,True
I don't think my card payment exchange rate is correct.,card_payment_wrong_exchange_rate,card_payment_wrong_exchange_rate,0.9323275221922961,True
"When I made a purchase last Saturday, I was charged extra. Did I receive the right exchange rate?",card_payment_wrong_exchange_rate,card_payment_wrong_exchange_rate,0.9627015941949921,True
They charged me wrong for a currency exchange on a purchase.,card_payment_wrong_exchange_rate,card_payment_wrong_exchange_rate,0.913721875260395,True
I believe my card payment exchange rate is incorrect.,card_payment_wrong_exchange_rate,card_payment_wrong_exchange_rate,0.6849235607167766,True
"Hi, I have been overcharged for my payment last Saturday. I guess exchange rate was wrong.",card_payment_wrong_exchange_rate,card_payment_wrong_exchange_rate,0.9307844391404817,True
The exchange rate seems off on this transaction,card_payment_wrong_exchange_rate,wrong_exchange_rate_for_cash_withdrawal,0.5185157217930634,True
"The exchange rate given to me wasn't correct, after i purchased an item",card_payment_wrong_exchange_rate,card_payment_wrong_exchange_rate,0.9753589674384072,True
"Hi, I don't think your exchange rate is right. I need you to check the official interbank exchange please.",card_payment_wrong_exchange_rate,card_payment_wrong_exchange_rate,0.8656747679763337,True
I'm pretty sure something went wrong with my exchange. I changed Russian Ruble to UK pounds and was charged way too much!,card_payment_wrong_exchange_rate,card_payment_wrong_exchange_rate,0.9708296594143141,True
I wasn't applied the correct exchange rate for an item I bought,card_payment_wrong_exchange_rate,card_payment_wrong_exchange_rate,0.996127246103953,True
the conversion value for my card payments is incorrect.,card_payment_wrong_exchange_rate,card_payment_wrong_exchange_rate,0.1721059065357036,False
The wrong exchange rate was used when I bought something with a foriegn currency.,card_payment_wrong_exchange_rate,card_payment_wrong_exchange_rate,0.9657473443661494,True
I paid for something in foreign currency but noticed the exchange rate is incorrect.,card_payment_wrong_exchange_rate,card_payment_wrong_exchange_rate,0.9136365107321985,True
The incorrect rate was used in my foreign purchase,card_payment_wrong_exchange_rate,card_payment_wrong_exchange_rate,0.6626991023706099,True
Why was the exchange rate incorrect for an item I recently bought?,card_payment_wrong_exchange_rate,card_payment_wrong_exchange_rate,0.9920218658802148,True
Why is my exchange rate wrong for an item I bought?,card_payment_wrong_exchange_rate,card_payment_wrong_exchange_rate,0.9982059574485258,True
How can I check the exchange rate applied to my transaction?,card_payment_wrong_exchange_rate,wrong_exchange_rate_for_cash_withdrawal,0.4017070206535285,False
Your exchange rate is totally wrong for my card payment,card_payment_wrong_exchange_rate,card_payment_wrong_exchange_rate,0.9435193765966384,True
The wrong rate was applied to an item I bought in a currency different from mine. Can this be changed?,card_payment_wrong_exchange_rate,card_payment_wrong_exchange_rate,0.9429562283206916,True
I go the wrong exchange rate applied to my purchase in a foreign country.,card_payment_wrong_exchange_rate,card_payment_wrong_exchange_rate,0.976982996435237,True
My statement has a dollar I have been charged showing up on it.,extra_charge_on_statement,extra_charge_on_statement,0.8173317721921666,True
Why is there a fee for an extra pound in my statement?,extra_charge_on_statement,extra_charge_on_statement,0.9980481365654967,True
I'm not okay with this fee on my statement.,extra_charge_on_statement,extra_charge_on_statement,0.6615964429235528,True
Why is there an extra dollar charged to my account?,extra_charge_on_statement,extra_charge_on_statement,0.9813444215443786,True
There is a fee I don't recognize on my statement.,extra_charge_on_statement,card_payment_not_recognised,0.6660256129331095,True
I would like a refund on the extra pound I was charged.,extra_charge_on_statement,extra_charge_on_statement,0.7602938838134473,True
Can you explain what this random $1 charge is?,extra_charge_on_statement,extra_charge_on_statement,0.560163467024984,True
What is this $1 charge on my statement?,extra_charge_on_statement,extra_charge_on_statement,0.9893271927287429,True
Why does my statement have these extra charges?,extra_charge_on_statement,extra_charge_on_statement,0.9472111388101597,True
"I do not remember purchasing anything for 1£, and it is on my statement. Can you please tell me what that is about?",extra_charge_on_statement,extra_charge_on_statement,0.7847597740640768,True
I can see an extra 1£ charge on my app. Why did you charge me extra?,extra_charge_on_statement,extra_charge_on_statement,0.9531701154732873,True
Can you tell me why I noticed a $1 charge on my statement?,extra_charge_on_statement,extra_charge_on_statement,0.9373645249668122,True
When will the $1 transaction be credited to me?,extra_charge_on_statement,transfer_not_received_by_recipient,0.33534573177654803,False
Where did this fee come from?,extra_charge_on_statement,verify_source_of_funds,0.4155171024085236,False
"I noticed an extra $1 charge on my statement, can you tell me why that is?",extra_charge_on_statement,extra_charge_on_statement,0.9774438593722053,True
There is an extra $1 charge,extra_charge_on_statement,extra_charge_on_statement,0.986614079375,True
I need information about an extra €1 fee in my statement.,extra_charge_on_statement,extra_charge_on_statement,0.9683275678120973,True
Why is there an extra 1 pound charge on my card?,extra_charge_on_statement,extra_charge_on_statement,0.9958597285322606,True
Why are there so many fees on my statement?,extra_charge_on_statement,extra_charge_on_statement,0.4836283058194484,True
What would be the reason there's an extra fee on my statement?,extra_charge_on_statement,extra_charge_on_statement,0.9760516857176167,True
Where did this 1 euro fee come from?,extra_charge_on_statement,verify_source_of_funds,0.4198854496847437,False
I got a extra €1 fee in my statement,extra_charge_on_statement,extra_charge_on_statement,0.9905185649420571,True
I have a 1 euro fee on my statement.,extra_charge_on_statement,extra_charge_on_statement,0.931668872622683,True
Why was I overcharged a pound!?,extra_charge_on_statement,extra_charge_on_statement,0.9777395528763532,True
"Something went wrong, I was charged an extra pound?",extra_charge_on_statement,extra_charge_on_statement,0.9647363644593085,True
Where did the extra fee on my statement come from?,extra_charge_on_statement,extra_charge_on_statement,0.91433997143448,True
There is an extra charge on my app that I was not told about or I was aware of!,extra_charge_on_statement,extra_charge_on_statement,0.6841678474663561,True
I am seeing an extra fee on my statement what is that for?,extra_charge_on_statement,extra_charge_on_statement,0.9761305406541884,True
What is this €1 fee in my statement?,extra_charge_on_statement,extra_charge_on_statement,0.994946299716573,True
"I am a new customer, and I happened to look at my app and there is a charge I am not familiar with.  Could you tell me why the extra charge is there?",extra_charge_on_statement,extra_charge_on_statement,0.24188214754890458,False
For some reason my account's been charged an extra dollar.,extra_charge_on_statement,extra_charge_on_statement,0.893169318945789,True
There is a transaction for $1 and I don't know why it was charged.,extra_charge_on_statement,extra_charge_on_statement,0.8311397830546345,True
"Can you help me with a weird charge?  It's a pound charge that never goes away from the statement view on the app I'm using.  It's not described as anything but ""Pending"", and that status has never changed during the last two days.",extra_charge_on_statement,extra_charge_on_statement,0.547970242910856,True
What is the purpose of the extra fee that is showing up on my statement?,extra_charge_on_statement,extra_charge_on_statement,0.9125409721578992,True
"$1 extra has been charged on my statement, why is that?",extra_charge_on_statement,extra_charge_on_statement,0.9988044261914332,True
What is the extra  €1 fee in my statement,extra_charge_on_statement,extra_charge_on_statement,0.9960028613928195,True
"It's been two weeks, why has the transaction for $1.00 not been reversed?",extra_charge_on_statement,reverted_card_payment?,0.7032316529446656,True
What is the €1 fee for?,extra_charge_on_statement,extra_charge_on_statement,0.40141304630181895,False
I'm quite confused as to what is going on. There is some odd extra pound charge on my statement in the app that's just listed as pending and doesn't go away since a couple days.,extra_charge_on_statement,extra_charge_on_statement,0.9245419752434084,True
Can you please check why I am having this extra fee on my statement.,extra_charge_on_statement,extra_charge_on_statement,0.7571597186794089,True
My withdrawl is still pending.  Why?,pending_cash_withdrawal,pending_cash_withdrawal,0.8895450804582912,True
My card was denied at an ATM earlier today but the transaction is pending. Please cancel it as I did not receive my money.,pending_cash_withdrawal,pending_cash_withdrawal,0.858395923827838,True
My transaction is still showing that is pending from my cash withdrawal.,pending_cash_withdrawal,pending_cash_withdrawal,0.9925946310811998,True
"Hey I tried to get some money out earlier but the machine didn't work. Now just saw the transaction still seems in progress! Can you please check what's going there, seems something is broken, I don't want to be charged for money that I haven't actually received!",pending_cash_withdrawal,pending_cash_withdrawal,0.820879328640633,True
How long does the cash withdrawal take to pend?,pending_cash_withdrawal,pending_cash_withdrawal,0.9812779897090976,True
Why is it taking so long for my cash withdrawal to no longer show as pending?,pending_cash_withdrawal,pending_cash_withdrawal,0.965306238794728,True
"I tried taking money from the ATM but no money came out, but the transaction is still pending? How is this possible?",pending_cash_withdrawal,pending_cash_withdrawal,0.4884070052903256,True
"I got some cash of an ATM earlier but this shows up as pending in the app. How can this be still pending, I've got the cash already?",pending_cash_withdrawal,pending_cash_withdrawal,0.9735760357579197,True
Why is my withdrawal still pending?,pending_cash_withdrawal,pending_cash_withdrawal,0.9897305364110256,True
Are you sure when the withdrawal will show?,pending_cash_withdrawal,pending_cash_withdrawal,0.8972193913986806,True
"Hi! I was wondering if you can help me. I used the city centre ATM to get some cash, but the machine declined my card. My account shows that transaction is still pending. I didn't receive the money, so please cancel that transaction.",pending_cash_withdrawal,pending_cash_withdrawal,0.8673906268459888,True
Why is a transaction showing as pending when I recieved cash from an ATM?,pending_cash_withdrawal,pending_cash_withdrawal,0.47997092478540465,False
My cash in the ATM is still pending,pending_cash_withdrawal,pending_cash_withdrawal,0.9945462829680601,True
my atm cash out is still pending,pending_cash_withdrawal,pending_cash_withdrawal,0.9891640850379549,True
I am still waiting for a cash withdrawal to show,pending_cash_withdrawal,pending_cash_withdrawal,0.9806385851492051,True
Is my pending cash withdrawal processed?,pending_cash_withdrawal,pending_cash_withdrawal,0.973833111288478,True
how long til my cash out goes through?,pending_cash_withdrawal,pending_top_up,0.13375207319835483,False
Why is my ATM cash withdrawal showing up as a pending transaction?,pending_cash_withdrawal,pending_cash_withdrawal,0.9905947731213322,True
"Hi,I tried to get some money out but the machine was not working .The transaction still seems in progress! Can you please check what's going on.I don't want to be charged for money that I did not received.",pending_cash_withdrawal,pending_cash_withdrawal,0.731488400554199,True
"Hey, my card was declined at an ATM in the city centre theatre. My account says the transaction is pending, though. I didn't get the money, though, so what does that mean?",pending_cash_withdrawal,pending_cash_withdrawal,0.7304604932055925,True
Why do I have a pending cash withdrawal?,pending_cash_withdrawal,pending_cash_withdrawal,0.9675554793835277,True
I have a pending cash withdrawal,pending_cash_withdrawal,pending_cash_withdrawal,0.9932941202041996,True
I made a withdrawal from my account but it has not posted?,pending_cash_withdrawal,cash_withdrawal_not_recognised,0.9234938908456359,True
Is my cash withdrawal pending?,pending_cash_withdrawal,pending_cash_withdrawal,0.9968419481610115,True
I'm not quite understanding why my cash withdrawal is showing as pending.,pending_cash_withdrawal,pending_cash_withdrawal,0.955092757747298,True
I made a cash withdrawal but the pending status is taking forever.,pending_cash_withdrawal,pending_cash_withdrawal,0.952958161588522,True
My cash withdrawal is still showing as pending.,pending_cash_withdrawal,pending_cash_withdrawal,0.9983994992517178,True
Why am I unable to take money from my card but the statement says the transaction is still pending?,pending_cash_withdrawal,pending_transfer,0.7228201488079616,True
Why does my account have a pending cash withdrawal?,pending_cash_withdrawal,pending_cash_withdrawal,0.9790231630971048,True
I have a pending transaction in my app. How is it still pending if I pulled the cash out from the ATM earlier?,pending_cash_withdrawal,pending_cash_withdrawal,0.9718536327302106,True
Cash withdrawal still pending?,pending_cash_withdrawal,pending_cash_withdrawal,0.998837498142564,True
"I received cash from the ATM earlier, but this shows up as pending in the app.  I've got the cash already.  How can this be still pending?",pending_cash_withdrawal,pending_cash_withdrawal,0.9659396938326216,True
"I tried to take money from my card, but it didn't work. Later I saw that the transaction is still in progress. What's goign on?",pending_cash_withdrawal,pending_cash_withdrawal,0.5955135390757273,True
Why does it say pending cash withdrawal on my statement?,pending_cash_withdrawal,pending_cash_withdrawal,0.9658923291164183,True
How long with my cash withdrawal stay pending for?,pending_cash_withdrawal,pending_cash_withdrawal,0.9809377351806584,True
Where's accounting for my cash withdrawal?,pending_cash_withdrawal,pending_cash_withdrawal,0.48401818476814484,True
My account was charged for a withdraw I tried to make that was decline.,pending_cash_withdrawal,cash_withdrawal_charge,0.258448065931649,False
how long does it take to post atm with drawl,pending_cash_withdrawal,pending_cash_withdrawal,0.1744789112709693,False
Why is my cash withdrawal from the ATM still not yet showing as confirmed in my account?,pending_cash_withdrawal,pending_cash_withdrawal,0.8229295229215803,True
"What's a pending transaction? My card was declined at an ATM, but my account says it's still pending. Can I cancel the payment?",pending_cash_withdrawal,pending_cash_withdrawal,0.49090399504732557,True
"If I request that my funds be held, what currencies do you use?",fiat_currency_support,supported_cards_and_currencies,0.44126560616423677,False
I want to know how many different currencies my money can be in,fiat_currency_support,fiat_currency_support,0.7904354846307481,True
Do you support all fiat currencies?,fiat_currency_support,fiat_currency_support,0.9975694644782516,True
Does your system support multiple currency.,fiat_currency_support,fiat_currency_support,0.42216718567162037,False
What currencies can I hold money in?,fiat_currency_support,fiat_currency_support,0.9991805555334653,True
Do you support any currency?,fiat_currency_support,fiat_currency_support,0.5227794554005184,True
"There is an incoming payment into my account, but it is deactivated. Will they still be processed?",fiat_currency_support,pending_card_payment,0.3781018218755546,False
What currencies do you do exchanges for?,fiat_currency_support,fiat_currency_support,0.8571123580134812,True
"In terms of holding and exchange, what fiat currencies do you use.",fiat_currency_support,fiat_currency_support,0.9978225570254217,True
What fiat currencies are used for holding transactions?,fiat_currency_support,fiat_currency_support,0.9947274237116852,True
Where can I exchange my money for EUR?,fiat_currency_support,fiat_currency_support,0.8275659424549925,True
Is it permissible to hold money in multiple currencies?,fiat_currency_support,fiat_currency_support,0.9921491922214282,True
Can I exchange to EUR?,fiat_currency_support,fiat_currency_support,0.9546718147905398,True
Can someone assist me with the details explaining which fiat currencies that you support?,fiat_currency_support,fiat_currency_support,0.9291856030986101,True
Do you offer additional currency options?,fiat_currency_support,supported_cards_and_currencies,0.44652421524042,False
How do I change currencies to euros?,fiat_currency_support,fiat_currency_support,0.6084399205715058,True
What fiat currencies are supported for holding and exchange?,fiat_currency_support,fiat_currency_support,0.9991968133667711,True
"When considering currency holdings and exchanges, what fiat currencies are supported?",fiat_currency_support,fiat_currency_support,0.9960820781202533,True
Will you handle EUR?,fiat_currency_support,fiat_currency_support,0.9772394063612163,True
Can I hold money in other currencies?,fiat_currency_support,fiat_currency_support,0.9960457000039536,True
What options do I have for holding currencies?,fiat_currency_support,fiat_currency_support,0.8684514687177892,True
Do you happen to do exchanges of EUR?,fiat_currency_support,fiat_currency_support,0.9117692570448153,True
Do you accept exchanges to EUR?,fiat_currency_support,fiat_currency_support,0.9536718196725635,True
Can you tell me what currency I can have?,fiat_currency_support,fiat_currency_support,0.6540805611155841,True
Am I able to exchange currencies?,fiat_currency_support,exchange_via_app,0.7821051563244302,True
What currencies are used in your exchange?,fiat_currency_support,fiat_currency_support,0.713863557791747,True
Which fiat currencies do you support?,fiat_currency_support,fiat_currency_support,0.9902463061715401,True
Which country's currency do you support?,fiat_currency_support,fiat_currency_support,0.504693911339516,True
I want to make a currency exchange to EU.,fiat_currency_support,exchange_via_app,0.5122288824511979,True
Can I exchange and hold all fiat currencies?,fiat_currency_support,fiat_currency_support,0.9972986906229073,True
What kind of currency can I hold money in?,fiat_currency_support,fiat_currency_support,0.9806583783109678,True
Can I exchange currencies?,fiat_currency_support,exchange_via_app,0.7482130438833069,True
Do you work with all fiat currencies?,fiat_currency_support,fiat_currency_support,0.9699675783802045,True
Can I hold money in multiple currencies?,fiat_currency_support,fiat_currency_support,0.9989734618887136,True
How man currencies can I hold?,fiat_currency_support,fiat_currency_support,0.9949183782334783,True
Besides USD what other currencies can I have?,fiat_currency_support,fiat_currency_support,0.8113930913109576,True
How do I accept exchanges to EU?,fiat_currency_support,exchange_charge,0.32211747757476045,False
What kind of fiat currency can I used for holding and exchange?,fiat_currency_support,fiat_currency_support,0.9798168306353978,True
Do you support the exchange of EUR from my currency.,fiat_currency_support,fiat_currency_support,0.831989557633877,True
What countries can I travel to and have access to their currencies?,fiat_currency_support,country_support,0.4308619684085586,False
I need my card now!,card_delivery_estimate,card_delivery_estimate,0.8923196459329281,True
my card was not in the mail again can you advise?,card_delivery_estimate,card_arrival,0.12989458153743622,False
i need my card quick,card_delivery_estimate,card_delivery_estimate,0.8454731085850848,True
How long will it take to get to me?,card_delivery_estimate,card_delivery_estimate,0.7389865021252359,True
I'm just wondering when my card will get here.,card_delivery_estimate,card_delivery_estimate,0.4319016616387045,False
Can you get me my card fast?,card_delivery_estimate,card_delivery_estimate,0.5763273914493267,True
How long will it take to deliver something to US?,card_delivery_estimate,card_delivery_estimate,0.9246107726390512,True
"I live in the US, how long will it take for delivery?",card_delivery_estimate,card_delivery_estimate,0.7255292956993826,True
When can I expect my card to be delivered to the US?,card_delivery_estimate,card_delivery_estimate,0.9987618076905465,True
I need my card quickly,card_delivery_estimate,card_delivery_estimate,0.8876349786766516,True
Does delivery to the US take long?,card_delivery_estimate,card_delivery_estimate,0.9607839170301198,True
How long will it take to arrive?,card_delivery_estimate,card_delivery_estimate,0.8231715639821938,True
Can I have my card delivered on a specific day?,card_delivery_estimate,card_delivery_estimate,0.9873388549057592,True
What is the difference between standard and express delivery?,card_delivery_estimate,card_delivery_estimate,0.2542426321134208,False
Can it be delivered by a specific date?,card_delivery_estimate,card_delivery_estimate,0.9654507335889899,True
May I choose when it's delivered?,card_delivery_estimate,card_delivery_estimate,0.9333617099343633,True
I need it delivered on a certain date.,card_delivery_estimate,card_delivery_estimate,0.9917663725607757,True
When should I expect my card?,card_delivery_estimate,card_delivery_estimate,0.536347898257909,True
How long does it take to get my card? Can I choose when to receive it?,card_delivery_estimate,card_delivery_estimate,0.9574731817047527,True
How long will it take for the card to arrive?,card_delivery_estimate,card_delivery_estimate,0.7914269535485395,True
How fast can you deliver?,card_delivery_estimate,card_delivery_estimate,0.7448312085991194,True
"Ordered awhile back, what is the ETA in the US?",card_delivery_estimate,country_support,0.3047703887296208,False
How long should I expect for the card to arrive?,card_delivery_estimate,card_delivery_estimate,0.9290046355278073,True
Whats the delivery time to the United States?,card_delivery_estimate,card_delivery_estimate,0.7634066011735314,True
When will the card arrive?,card_delivery_estimate,card_delivery_estimate,0.7432808609931828,True
Send my card as soon as you are able to.,card_delivery_estimate,card_delivery_estimate,0.7069483212618887,True
When are cards delivered?,card_delivery_estimate,card_delivery_estimate,0.697306350841175,True
How long does shipping take to get to a US destination?,card_delivery_estimate,card_delivery_estimate,0.5436067842415879,True
Can I get my card expedited?,card_delivery_estimate,card_delivery_estimate,0.3710543975657282,False
How long until my card is delivered?,card_delivery_estimate,card_delivery_estimate,0.9263896686956984,True
I need my card to come as soon as possible.,card_delivery_estimate,card_delivery_estimate,0.9867364182054978,True
When can I expect to receive my new card?,card_delivery_estimate,card_delivery_estimate,0.7511810653086352,True
I am waiting for my card to arrive.,card_delivery_estimate,card_arrival,0.5313417834137741,True
I need my card as soon as possible.,card_delivery_estimate,card_delivery_estimate,0.957166962539365,True
I need it delivered by Saturday.,card_delivery_estimate,card_delivery_estimate,0.9469401979693971,True
What's the U.S. Delivery time?,card_delivery_estimate,card_delivery_estimate,0.6449938081166061,True
When will my card arrive?,card_delivery_estimate,card_delivery_estimate,0.7221514776705097,True
can I choose a date for delivery?,card_delivery_estimate,card_delivery_estimate,0.6810126958504901,True
Can I make sure my card is delivered on a specific day?,card_delivery_estimate,card_delivery_estimate,0.9797533142756089,True
Can I have it be delivered at a certain time?,card_delivery_estimate,card_delivery_estimate,0.8348856183683023,True
"When traveling, can I auto top-up my card at certain times?",automatic_top_up,automatic_top_up,0.9964492508015381,True
Is there a limit when using auto top-up?,automatic_top_up,automatic_top_up,0.9885167816765822,True
Will it automatically top-up or do I need to do that manually if there isn't much cash left?,automatic_top_up,automatic_top_up,0.9464222303067034,True
"I'm running out of money, can I  auto top up?",automatic_top_up,automatic_top_up,0.9536454855028886,True
How do I use auto top up?,automatic_top_up,automatic_top_up,0.9971325407198355,True
Can it automatically top-up money if there isn't much left?,automatic_top_up,automatic_top_up,0.9632456077059096,True
If there isn't much money left can it automatically top-up?,automatic_top_up,automatic_top_up,0.9766505634309706,True
"I read about the auto-top up function, but can't find it in the app.",automatic_top_up,automatic_top_up,0.7927214084717765,True
Can I have it add money at certain time intervals when I travel?,automatic_top_up,automatic_top_up,0.6366350717869713,True
"I'm going to be away for awhile, can I have it add money automatically in certain intervals?",automatic_top_up,automatic_top_up,0.9681986071468127,True
"Where can I find the ""auto-top"" feature?",automatic_top_up,automatic_top_up,0.9568264609724745,True
"I just activated auto top-up, but it is not letting me enable it. Why not?",automatic_top_up,automatic_top_up,0.2894023127424205,False
Is there an auto top-up option?,automatic_top_up,automatic_top_up,0.998982977624305,True
where is theft-top option?,automatic_top_up,automatic_top_up,0.4232679196212541,False
Are there limits on auto top-up?,automatic_top_up,automatic_top_up,0.9407598441462611,True
can you assist me with the auto top up ?,automatic_top_up,automatic_top_up,0.9486001327097799,True
Do you have any limit on the auto top-up?,automatic_top_up,automatic_top_up,0.982252444502665,True
Why are there limits on auto top-up?,automatic_top_up,automatic_top_up,0.9310501759931249,True
How can I top up automatically?,automatic_top_up,automatic_top_up,0.991728612059588,True
How do I make sure I don't run out of money on my card while traveling?,automatic_top_up,card_payment_not_recognised,0.13971601027507133,False
What's the limit on automatic top-up?,automatic_top_up,automatic_top_up,0.842136361848773,True
"If I will be traveling, is there a way to auto top-up my card on certain days?",automatic_top_up,automatic_top_up,0.9731478843900958,True
Where is the auto top-up option?,automatic_top_up,automatic_top_up,0.9990683224064139,True
Can I have a auto top-up when my account is short?,automatic_top_up,automatic_top_up,0.9864714689921136,True
Do you have an auto top-up option?,automatic_top_up,automatic_top_up,0.9977497236010305,True
Can I space out how often money is transferred along my travels?,automatic_top_up,balance_not_updated_after_bank_transfer,0.2795450816424031,False
Will it automatically top-up money if there isn't a lot left?,automatic_top_up,automatic_top_up,0.9509051451572316,True
Can I have it add money automatically in certain intervals?,automatic_top_up,automatic_top_up,0.9884191213695084,True
Can I set up an automatic top-up for travel.,automatic_top_up,automatic_top_up,0.9723347482948629,True
I've tried looking for the auto-top up option on your website and I can't seem to find it. Can you help me?,automatic_top_up,automatic_top_up,0.7092345977831755,True
how do I top up my money automatically,automatic_top_up,automatic_top_up,0.9803691532730621,True
Can I be topped up once I hit a certain balance?,automatic_top_up,automatic_top_up,0.21962744066039755,False
Will it automatically top-up if there isn't much money left?,automatic_top_up,automatic_top_up,0.9528263726478702,True
Is there any way to Auto top-up?,automatic_top_up,automatic_top_up,0.9937928754585397,True
Can you explain where I can find the auto-top option?,automatic_top_up,automatic_top_up,0.9754183998202625,True
What is the auto top up function and where can I find that at?,automatic_top_up,automatic_top_up,0.9593666913511667,True
Is there a way to top-up automatically?,automatic_top_up,automatic_top_up,0.9944898986336304,True
"Is there a top-up feature, if there isn't a lot of money left?",automatic_top_up,top_up_by_bank_transfer_charge,0.21893163789212955,False
What is the highest limit for Auto Top?,automatic_top_up,automatic_top_up,0.886649982493962,True
How do I enable auto-top up?,automatic_top_up,automatic_top_up,0.9969389891709922,True
I've tried my card a bunch of times and it never worked.,card_not_working,declined_card_payment,0.17940283288046938,False
I can't get my card to work.,card_not_working,card_not_working,0.9334169861639365,True
My card appears to be broken how can I fix it?,card_not_working,card_not_working,0.7037066235457876,True
How do I know why my card isn't working?,card_not_working,card_not_working,0.827233990491098,True
My card broke.,card_not_working,card_not_working,0.9806373175151185,True
My card won't work.,card_not_working,card_not_working,0.978074299998721,True
Why is my card not working?,card_not_working,card_not_working,0.7571835666943855,True
Can you please identify the problem with my bank card?,card_not_working,unable_to_verify_identity,0.2651000515628083,False
How do I unblock my card using the app?,card_not_working,pin_blocked,0.662544651300937,True
My card does not work,card_not_working,card_not_working,0.6033746823377674,True
How can I get my physical card to work?,card_not_working,card_not_working,0.7199873308752913,True
Can someone assist me by explaining why my card is not working?,card_not_working,card_not_working,0.24891694208647042,False
Help me.  My card doesn't work.,card_not_working,card_not_working,0.9008130606879088,True
Can a card stop working?,card_not_working,card_not_working,0.5546195235119101,True
I think my card is broken,card_not_working,card_not_working,0.9818362253740492,True
Why isn't my card working?,card_not_working,card_not_working,0.7748107485533817,True
My card isn't working anymore.,card_not_working,card_not_working,0.9808207153114392,True
My card was declined today when eating and I need to know what's wrong.,card_not_working,card_not_working,0.5683679696846176,True
My card doesn't work.,card_not_working,card_not_working,0.9598095524444145,True
How can I resolve a problem where my card won't go through at all?,card_not_working,card_not_working,0.609825694609455,True
My actual card isn't working.,card_not_working,card_not_working,0.8933129297179467,True
Is my card broken?,card_not_working,card_not_working,0.9700931919701498,True
I broke my card,card_not_working,card_not_working,0.9769752024539483,True
My card stopped working,card_not_working,card_not_working,0.9483045860119131,True
"My card is broke, what do I do?",card_not_working,card_not_working,0.936034125500713,True
"I tried using my card today and it's not working, can you help me?",card_not_working,card_not_working,0.7965229442592343,True
My card stopped working when I use it,card_not_working,card_not_working,0.9670451002108709,True
I can't use my card.,card_not_working,card_not_working,0.9443442398671129,True
Need help with my card. It's not working.,card_not_working,card_not_working,0.7608536267799423,True
I cannot use my card.,card_not_working,card_not_working,0.7516848807642331,True
The card I've got seems to be broken.,card_not_working,card_not_working,0.7233883111025079,True
My card isn't working,card_not_working,card_not_working,0.9636121562754966,True
My card suddenly quit working.,card_not_working,card_not_working,0.8148447709184895,True
I have tried to use my card several times and it does not work.,card_not_working,declined_card_payment,0.42594894811567047,False
The card I have doesn't work.,card_not_working,card_not_working,0.8568642592378499,True
My card doesn't accept any transaction at all. What's wrong??,card_not_working,card_not_working,0.7481854007983656,True
How can i check if my card is working?,card_not_working,card_not_working,0.8330063362911524,True
Nothing goes through on my card.,card_not_working,card_not_working,0.11308684620100426,False
How do I find out why my card won't work?,card_not_working,card_not_working,0.868983823455174,True
"Could it be that I deactivated my card, its not working?",card_not_working,activate_my_card,0.37314520607170903,False
May I exchange currencies with this?,exchange_via_app,exchange_via_app,0.9109689456470454,True
Tell me how I can exchange between different currency.,exchange_via_app,exchange_via_app,0.9194897470892387,True
Can I change from one currency to another?,exchange_via_app,exchange_via_app,0.9507002042196503,True
How do I change GBP to AUD?,exchange_via_app,exchange_via_app,0.9827927299946653,True
Will this app exchange currencies?,exchange_via_app,exchange_via_app,0.9364403471814347,True
How do I convert currencies with the app?,exchange_via_app,exchange_via_app,0.9758859308397265,True
How are currencies exchanged?,exchange_via_app,exchange_via_app,0.8539810833365031,True
Can I exchange currencies with this app?,exchange_via_app,exchange_via_app,0.9923851771669618,True
How do I make an exchange from one currency to another?,exchange_via_app,exchange_via_app,0.9626679063412357,True
How do I interconvert between AUD and GBP?,exchange_via_app,exchange_via_app,0.9853287660910769,True
What all currencies can be exchanged?,exchange_via_app,exchange_via_app,0.6898348355437036,True
What is the best way to exchange currency between USD and GBP using your app?,exchange_via_app,exchange_via_app,0.9924597176965547,True
If I wanted to make a change from GBP to AUD what is the process?,exchange_via_app,exchange_via_app,0.7851204684498246,True
Can I get some money exchanged?,exchange_via_app,exchange_via_app,0.4123507226071296,False
Is it possible to change to another currency?,exchange_via_app,exchange_via_app,0.9271446269077039,True
How do I exchange my GBP to AUD?,exchange_via_app,exchange_via_app,0.9865956613302989,True
How would I use my money in a different country?,exchange_via_app,wrong_exchange_rate_for_cash_withdrawal,0.13817449781803848,False
"If I receive foreign currencies, am I able to exchange them on the app?",exchange_via_app,exchange_charge,0.4596270634867329,False
Can I change to another currency?,exchange_via_app,exchange_via_app,0.9422674414355899,True
"I need AUD not GBP, how do I change it?",exchange_via_app,exchange_via_app,0.9665949779524015,True
What is the best way to exchange currency?,exchange_via_app,exchange_charge,0.43456032255287347,False
If I need GBP instead of AUD what do I do?,exchange_via_app,exchange_via_app,0.955588696692405,True
I was wondering whether exchanging currencies can be done on this app.,exchange_via_app,exchange_via_app,0.5451342904957409,True
"I might need AUD instead of GBP, how to change?",exchange_via_app,exchange_via_app,0.9826770192901385,True
How do I go through the process of currency exchange?,exchange_via_app,exchange_via_app,0.7832033983879308,True
Change currency,exchange_via_app,exchange_via_app,0.8911760201311599,True
Can am I able to exchange currencies?,exchange_via_app,exchange_via_app,0.8620975641764561,True
Where do I go to change GBP?,exchange_via_app,exchange_via_app,0.7223423747824262,True
What currency's can i exchange for?,exchange_via_app,exchange_via_app,0.6371754930534179,True
What currencies will this app exchange?,exchange_via_app,exchange_via_app,0.7346498852688897,True
Can this app help me exchange currencies?,exchange_via_app,exchange_via_app,0.9703631823248097,True
I would like to exchange some currency.,exchange_via_app,exchange_via_app,0.856737922527647,True
Can I exchange between GBP and USD on the app?,exchange_via_app,exchange_via_app,0.9895752388554878,True
Is there currency exchange on this app?,exchange_via_app,exchange_via_app,0.8510434305350797,True
Can I change my currency from USD to EUR?,exchange_via_app,fiat_currency_support,0.5285010664433608,True
"I think I want AUD and not GBP, can you help?",exchange_via_app,exchange_via_app,0.31248678456130496,False
How do I exchange currency?,exchange_via_app,exchange_via_app,0.833086243516536,True
Can I use this app to change dollars into euros?,exchange_via_app,exchange_via_app,0.7224782041381976,True
Can I exchange currencies with my account?,exchange_via_app,exchange_via_app,0.7854849639477978,True
I would like to exchange currencies,exchange_via_app,exchange_via_app,0.9424511450101806,True
"My entire gym bag, including my wallet, was stolen out of my locker today. Everything in my wallet is gone - how do I block the card to make it can't be used?",lost_or_stolen_card,lost_or_stolen_card,0.4664533562131171,False
I can't find my card and think it may have been stolen.,lost_or_stolen_card,lost_or_stolen_card,0.9251622218805099,True
"Someone stole my card. I need to report it stolen. I made a police report already, but how do I report it with you?",lost_or_stolen_card,lost_or_stolen_card,0.780376719151623,True
"I cant find my card, it's gone.",lost_or_stolen_card,lost_or_stolen_card,0.20399845411932996,False
My card is lost! What can I do?,lost_or_stolen_card,lost_or_stolen_card,0.7735907022346604,True
I lost my card,lost_or_stolen_card,lost_or_stolen_card,0.9913992614878935,True
Oh no!  I lost my card!  Help!,lost_or_stolen_card,lost_or_stolen_card,0.9745247624641257,True
"I believe my card has been stolen, what can I do about this situation? It's urgent.",lost_or_stolen_card,lost_or_stolen_card,0.2870229658551547,False
Help! Someone stole my card!,lost_or_stolen_card,lost_or_stolen_card,0.9518492469123591,True
Help.  I have a stolen card!,lost_or_stolen_card,lost_or_stolen_card,0.9802034486760031,True
"card is lost, please help",lost_or_stolen_card,lost_or_stolen_card,0.5637355807500322,True
How do I report my card stolen?,lost_or_stolen_card,lost_or_stolen_card,0.940538399116085,True
My card is gone I think it was stolen,lost_or_stolen_card,lost_or_stolen_card,0.8691153045171197,True
Is a copy of the police report necessary for completing the report process?,lost_or_stolen_card,transfer_not_received_by_recipient,0.0516140792728125,False
I lost my wallet today with all my credit cards. Will you please block the card and send a replacement?,lost_or_stolen_card,lost_or_stolen_card,0.5740097823823498,True
How do I deal with a stolen card?,lost_or_stolen_card,lost_or_stolen_card,0.7864437938408216,True
Can you freeze my card it was stolen,lost_or_stolen_card,lost_or_stolen_card,0.9297682788130088,True
Help!  I can't find my card.,lost_or_stolen_card,lost_or_stolen_card,0.8103484764959703,True
What should I do if I lost my card?,lost_or_stolen_card,lost_or_stolen_card,0.9112686054029676,True
I need help with a lost card,lost_or_stolen_card,lost_or_stolen_card,0.8451346536562526,True
I think my card was stolen.,lost_or_stolen_card,lost_or_stolen_card,0.9685472354843456,True
"Someone stole my wallet earlier today, not sure exactly when, probably on Piccadilly circus. Can you check if there were any attempts to use the card and obviously block it?",lost_or_stolen_card,lost_or_stolen_card,0.31174857111908755,False
I think I lost my card . I dont know how long it has been missing. Can you see if maybe someone else has been using it?,lost_or_stolen_card,lost_or_stolen_card,0.5590531223625542,True
How can I freeze a stolen card?,lost_or_stolen_card,lost_or_stolen_card,0.9329965554722581,True
What should I do if my card is missing?,lost_or_stolen_card,lost_or_stolen_card,0.8644974857908073,True
My bags were stolen. I need a new card but need to cancel the stolen one.,lost_or_stolen_card,lost_or_stolen_card,0.5813852102273593,True
Somehow I am missing my card.  What should I do?,lost_or_stolen_card,lost_or_stolen_card,0.7524876271685063,True
My card was taken from me,lost_or_stolen_card,card_arrival,0.17256568813673764,False
My card got lost.,lost_or_stolen_card,lost_or_stolen_card,0.7025245811457622,True
Some idiot stole my card.,lost_or_stolen_card,lost_or_stolen_card,0.8389499872318055,True
How do I report my card lost or stolen?,lost_or_stolen_card,lost_or_stolen_card,0.9680372850107385,True
My card is lost! What do I do now?,lost_or_stolen_card,lost_or_stolen_card,0.36685116073284313,False
I'm in Spain and my stuff has been stolen. My card was with it and I need a new one shipped and the old one frozen.,lost_or_stolen_card,lost_or_stolen_card,0.6641257506476058,True
I believe my credit card was stolen.,lost_or_stolen_card,compromised_card,0.3022790381658204,False
How do I report a stolen card?,lost_or_stolen_card,lost_or_stolen_card,0.8772569002012814,True
"Somebody has stolen my card, I need help please.",lost_or_stolen_card,lost_or_stolen_card,0.381940090936612,False
I cannot find my credit card.,lost_or_stolen_card,topping_up_by_card,0.5716651579047941,True
Are you able to locate my card?,lost_or_stolen_card,lost_or_stolen_card,0.3539840717032518,False
My card got stolen!,lost_or_stolen_card,lost_or_stolen_card,0.9402878185586042,True
Help me please!  My card was stolen!,lost_or_stolen_card,lost_or_stolen_card,0.9444817706059284,True
how old do i need to be to get an account for myself,age_limit,age_limit,0.9879967443213229,True
How young can I be to open my own account?,age_limit,age_limit,0.8864972241332213,True
How old do I have to be?,age_limit,age_limit,0.982641658010198,True
Can I open an account for a child?,age_limit,age_limit,0.9952821297382333,True
How old do we have to be?,age_limit,age_limit,0.9722065659489838,True
How do I go about setting up an account for my daughter?,age_limit,age_limit,0.9762387652087233,True
Is there an age minimum?,age_limit,age_limit,0.9193352437225967,True
What is the youngest age in order to have an account?,age_limit,age_limit,0.9475886598797449,True
What age do I have to be?,age_limit,age_limit,0.9858714869654073,True
Can my daughter open an account?,age_limit,age_limit,0.993750328594901,True
What is the minimum age to open an account?,age_limit,age_limit,0.9952385320868004,True
What is the minimum age?,age_limit,age_limit,0.810535420303386,True
I am only 17. Can I make an account?,age_limit,age_limit,0.4149479796437567,False
Could I open an account for my children?,age_limit,age_limit,0.9977941182129728,True
What is the age to open an account?,age_limit,age_limit,0.9976306049331658,True
How do I open up an account for my child?,age_limit,age_limit,0.9941927442090337,True
Can I open a bank account for my newborn baby?,age_limit,age_limit,0.6030439743939587,True
How old do I have to be to open an account?,age_limit,age_limit,0.9983585996446301,True
Do you offer services for children to have money saving experience?,age_limit,age_limit,0.8177677731082625,True
If my kids wanted to use your service how old would they have to be?,age_limit,age_limit,0.9662779681773476,True
Can my 19 year old daughter open a savings account at the bank?,age_limit,age_limit,0.9056586401236315,True
How old do you have to be to get an account?,age_limit,age_limit,0.9967579547121667,True
What's the minimum age for opening an account?,age_limit,age_limit,0.9765914104041539,True
"I would like an account for my children, how do I go about doing this?",age_limit,age_limit,0.8767564033595925,True
Can my children have their own account?,age_limit,age_limit,0.9743364898376008,True
Is it possible to open an account for my children?,age_limit,age_limit,0.9962747043476037,True
Do my kids have to be a certain age to use this service?,age_limit,age_limit,0.9587338572007805,True
How old do you have to be to be able to open an account?,age_limit,age_limit,0.9976885018557999,True
Is there an age limit?,age_limit,age_limit,0.9733215943138422,True
What are the age requirements for opening an account?,age_limit,age_limit,0.9875142781707407,True
will i be able to open an account for my daughter,age_limit,age_limit,0.9948432298510111,True
How old do I need to be to open an account?,age_limit,age_limit,0.9972004601199452,True
What age can sign up for services?,age_limit,age_limit,0.7450898631432733,True
How old do my kids have to be to use your service?,age_limit,age_limit,0.9912316228401737,True
What age do my kids need to be to use your service?,age_limit,age_limit,0.988876470981397,True
How old do my children need to be to open an account?,age_limit,age_limit,0.9994969817833421,True
How old does my kids need to be to open an account?,age_limit,age_limit,0.9962771046421556,True
How young can someone be in order to open an account?,age_limit,age_limit,0.6213718245598486,True
What is the youngest someone can be to open an account?,age_limit,age_limit,0.8581694789063411,True
How old does one have to be to have an account with the bank?,age_limit,age_limit,0.9399131188098042,True
How do I get my PIN unlocked?,pin_blocked,pin_blocked,0.9448898145922511,True
Where can I view my PIN?,pin_blocked,change_pin,0.48814414192074157,True
Will you reinstate my PIN?,pin_blocked,get_physical_card,0.6725315209309399,True
I accidentally blocked my PIN. How do I reset it?,pin_blocked,pin_blocked,0.9729130118765866,True
How do I unblock my pin after entering it wrong too many times?,pin_blocked,pin_blocked,0.9992077612953033,True
I used the wrong ping too many times and now the account is blocked.  How do I unblock?,pin_blocked,pin_blocked,0.994009747050506,True
I need help because I drunken blocked my card?,pin_blocked,pin_blocked,0.8923219775466336,True
"How do I reset my PIN, I can't seem to use my card?",pin_blocked,card_not_working,0.6177865659081506,True
"When I put the wrong pin too much, I got blocked, so can you help me unblock my pin",pin_blocked,pin_blocked,0.9994579626664164,True
"My pin was blocked, how do I make it so I can use it?",pin_blocked,pin_blocked,0.9786911164208502,True
How many tries do I have to enter my pin before I'm blocked?,pin_blocked,pin_blocked,0.9860723487528991,True
What should I do if I've tried to enter my PIN too often?,pin_blocked,pin_blocked,0.7793816500046582,True
I have exceeded the number of times I can try my PIN,pin_blocked,pin_blocked,0.9376299626736943,True
How can I unblock a blocked pin number for my account?,pin_blocked,pin_blocked,0.9990878477930267,True
What do I do if the bank machine won't accept my PIN attempts anymore?,pin_blocked,card_not_working,0.3736408420041101,False
Can you unlock my pin? I think I entered the wrong pin too many times.,pin_blocked,pin_blocked,0.9984038653690172,True
How do I deal with a blocked PIN?,pin_blocked,pin_blocked,0.9571054909529144,True
"I attempted to use my card while I was intoxicated, and I failed to input my PIN, and the machine kept my card. How soon can I have it back?",pin_blocked,card_swallowed,0.19277971284055856,False
Can I unblock my card using the app?,pin_blocked,pin_blocked,0.6952449348566725,True
I'v exhausted all the of times I can try my PIN,pin_blocked,pin_blocked,0.4554453535164164,False
How can I unlock my pin from too many tries?,pin_blocked,pin_blocked,0.9940704724374686,True
Help! I forgot my PIN and have been locked out of using my card.,pin_blocked,pin_blocked,0.85075578664651,True
"My account is blocked, how do I log in now",pin_blocked,pin_blocked,0.6776698918812633,True
Why did I get blocked?,pin_blocked,pin_blocked,0.7936977948838717,True
Are you able to unblock my pin?,pin_blocked,pin_blocked,0.9881387283327063,True
Can you assist me with unblocking my PIN? I put it in wrong too many times.,pin_blocked,pin_blocked,0.9825485682874516,True
I entered the wrong pin too many times and now I am blocked.  Help me unblock!,pin_blocked,pin_blocked,0.9994928173277625,True
"My pins seems to be blocked, can you unblock it please",pin_blocked,pin_blocked,0.9808015809077931,True
Can you unblock my pin after too many wrong pin attempts?,pin_blocked,pin_blocked,0.998423958040987,True
What can you do to unblock my pin?,pin_blocked,pin_blocked,0.9952125666444677,True
"My PIN is blocked, what do I do?",pin_blocked,pin_blocked,0.9897681773323099,True
Can I reactivate my PIN?,pin_blocked,card_linking,0.43990091217630184,False
How do I reset my PIN?,pin_blocked,change_pin,0.46325333710985067,False
Can I unblock my pin?,pin_blocked,pin_blocked,0.9955778191137371,True
How do I unblock my PIN?,pin_blocked,pin_blocked,0.9973215266331916,True
"My card's frozen, what can I do?",pin_blocked,card_not_working,0.44641363501135056,False
How can I unlock the pin?,pin_blocked,pin_blocked,0.756831539424674,True
"Since my pin is blocked, would you help me unblock it?",pin_blocked,pin_blocked,0.9973404174840844,True
My PIN is not working and I need assistance.,pin_blocked,get_physical_card,0.35036140843811575,False
"
Where can I get my PIN unblocked?",pin_blocked,pin_blocked,0.9823192798248443,True
Are contactless payments enabled on my new card?,contactless_not_working,contactless_not_working,0.9913074856862406,True
My contanctless has stopped working,contactless_not_working,contactless_not_working,0.4307751075876422,False
what is required documents for new card process ?,contactless_not_working,verify_my_identity,0.2530516298043847,False
"I don't know what's wrong, my contactless stopped working. Tried it in a few different places today and it didn't work in any of them.",contactless_not_working,contactless_not_working,0.48027798803056626,False
How do I get the contactless feature to work for my card?,contactless_not_working,contactless_not_working,0.9753473023723238,True
I tried to pay contactless at the bus today and it didn't work. Any ideas why?,contactless_not_working,contactless_not_working,0.8211037143144096,True
I've been unable to pay contactless with my card for over a week now. Is there a way to fix this issue?,contactless_not_working,contactless_not_working,0.3101029858267365,False
Do you know why my contactless won't work?,contactless_not_working,contactless_not_working,0.9327739644243249,True
My contactless payments have not been completed successfully.,contactless_not_working,contactless_not_working,0.8581783015347458,True
Do I need to replace my card if it didn't work when I tried to pay contactless at the shop today?,contactless_not_working,contactless_not_working,0.49513000963029036,True
For some reason my contactless has stopped working. I don't know what the problem is. What can I do?,contactless_not_working,contactless_not_working,0.7053722270131211,True
"I couldn't use my contactless this morning, it wasn't accepted.",contactless_not_working,contactless_not_working,0.8438813829935671,True
Contactless isn't working for me,contactless_not_working,contactless_not_working,0.9727326056359693,True
Why wouldn't the contactless payment work when I tried to pay at the bus today?,contactless_not_working,contactless_not_working,0.7977736646298503,True
How do I check my security settings to allow contactless pay?,contactless_not_working,contactless_not_working,0.5464579772126206,True
What can I do if contactless doesn't work?,contactless_not_working,contactless_not_working,0.868586057327123,True
Fix my contactless,contactless_not_working,contactless_not_working,0.99802081151067,True
How can I make my contactless work for the metro?,contactless_not_working,contactless_not_working,0.9884019578687459,True
My contactless is not working,contactless_not_working,contactless_not_working,0.9969876705635777,True
Can you help my fix my contactless?,contactless_not_working,contactless_not_working,0.9765553815658192,True
For some reason my contactless won't work for me.,contactless_not_working,contactless_not_working,0.9199853745536472,True
I'm unable to use contactless payments for purchases.,contactless_not_working,contactless_not_working,0.9015185248149483,True
"When I tried to pay for my bus ride, the contactless payment wouldn't work. How can I prevent this in the future?",contactless_not_working,contactless_not_working,0.6357515655469849,True
The NFC payment wouldn't work on the bus today. Help?,contactless_not_working,card_not_working,0.25128330780117997,False
"I wanted to use my card contactless but it doesn't seem to be working, what could be the problem?",contactless_not_working,contactless_not_working,0.6056798798872733,True
How do I make contactless work,contactless_not_working,contactless_not_working,0.9909607742765836,True
what is the charges for new card?,contactless_not_working,top_up_by_card_charge,0.1859657967220903,False
The contactless I have won't work.,contactless_not_working,contactless_not_working,0.977047134228232,True
Why isn't my contactless not working?,contactless_not_working,contactless_not_working,0.9802745739039853,True
I wanted to use my contactless at the metro today but it didn't accept it!,contactless_not_working,contactless_not_working,0.8784408657554094,True
It didnt work when I tried to pay contactless at the bus today. Why?,contactless_not_working,contactless_not_working,0.7854557320480114,True
I am not able to do contactless.,contactless_not_working,contactless_not_working,0.9586450505154561,True
How do I use contactless payments?,contactless_not_working,contactless_not_working,0.9890563450296366,True
Help me with my contactless which isn't working.,contactless_not_working,contactless_not_working,0.9373816863915881,True
How can I fix a problem where contactless isn't working?,contactless_not_working,contactless_not_working,0.9787179630759378,True
How do I use contactless pay?,contactless_not_working,contactless_not_working,0.9878394212187994,True
How do I enable contactless pay?,contactless_not_working,contactless_not_working,0.9877449886604774,True
Do I need to make a regular payment before a contactless one?,contactless_not_working,contactless_not_working,0.8142371265091122,True
How can I find out where my contactless works?,contactless_not_working,contactless_not_working,0.9725219174086993,True
Should i reinstall the payment app?,contactless_not_working,reverted_card_payment?,0.21359568652682082,False
how much do you charge to accept transfers,top_up_by_bank_transfer_charge,top_up_by_bank_transfer_charge,0.7514671561604943,True
I would like to make a transfer. How much does it cost?,top_up_by_bank_transfer_charge,top_up_by_bank_transfer_charge,0.8281915020560954,True
"I need to make a transfer, what will the fee be?",top_up_by_bank_transfer_charge,top_up_by_bank_transfer_charge,0.706748173789849,True
If I make a top-up are there charges applied?,top_up_by_bank_transfer_charge,top_up_by_bank_transfer_charge,0.8205134944106222,True
Can I also transfer with SWIFT?,top_up_by_bank_transfer_charge,top_up_by_bank_transfer_charge,0.8311290026703624,True
Are SWIFT transfers accepted?,top_up_by_bank_transfer_charge,top_up_by_bank_transfer_charge,0.9373402882708881,True
I would like to refill my account using SWIFT.,top_up_by_bank_transfer_charge,top_up_by_bank_transfer_charge,0.37926756425936714,False
Do I have to pay for topping up by transfer?,top_up_by_bank_transfer_charge,top_up_by_bank_transfer_charge,0.7633630976455942,True
Are there any sort of fees involved for top of transfers?,top_up_by_bank_transfer_charge,transfer_fee_charged,0.23555117192448624,False
Is it possible to get a transfer from SWIFT?,top_up_by_bank_transfer_charge,top_up_by_bank_transfer_charge,0.728704964814791,True
Do I have to pay any fees in order to receive money?,top_up_by_bank_transfer_charge,receiving_money,0.17832946174994152,False
How much am I charged to receive money?,top_up_by_bank_transfer_charge,top_up_by_bank_transfer_charge,0.9066425646045816,True
Will you deal with SWIFT transfers?,top_up_by_bank_transfer_charge,top_up_by_bank_transfer_charge,0.9531879707989104,True
Will there be any charges for money received?,top_up_by_bank_transfer_charge,top_up_by_bank_transfer_charge,0.5703207653611684,True
Will a transfer incur a fee?,top_up_by_bank_transfer_charge,transfer_fee_charged,0.6783943511022098,True
Are there charges for receiving a SEPA transfer?,top_up_by_bank_transfer_charge,top_up_by_bank_transfer_charge,0.997292941733734,True
If I transfer money from my bank to top-up my account will I be charged?,top_up_by_bank_transfer_charge,top_up_by_bank_transfer_charge,0.634492645748351,True
Will I be charged if someone needs to send me money?,top_up_by_bank_transfer_charge,top_up_by_bank_transfer_charge,0.6870368986554791,True
What are the fees for top-ups?,top_up_by_bank_transfer_charge,top_up_by_card_charge,0.7463848811094219,True
Will topping up by transfer lead to a charge on my account?,top_up_by_bank_transfer_charge,top_up_by_bank_transfer_charge,0.850322447966783,True
What are the charges for receiving money?,top_up_by_bank_transfer_charge,top_up_by_bank_transfer_charge,0.9556643238583536,True
What is the fee to receive money?,top_up_by_bank_transfer_charge,top_up_by_bank_transfer_charge,0.8984469110274699,True
How much am I charged for a SEPA transfer?,top_up_by_bank_transfer_charge,top_up_by_bank_transfer_charge,0.9948224432111104,True
How much is the fee for a SEPA transfer?,top_up_by_bank_transfer_charge,top_up_by_bank_transfer_charge,0.993217679561058,True
What'll it charge me for a SEPA transfer?,top_up_by_bank_transfer_charge,top_up_by_bank_transfer_charge,0.9808146980701024,True
Is there a charge for topping up by transfer?,top_up_by_bank_transfer_charge,top_up_by_bank_transfer_charge,0.9944428332333726,True
Do you do SWIFT transfers?,top_up_by_bank_transfer_charge,top_up_by_bank_transfer_charge,0.9864769656812229,True
Should I expect to be charged for topping up by transfer?,top_up_by_bank_transfer_charge,top_up_by_bank_transfer_charge,0.9077165206932368,True
Will I be charged for a SEPA transfer?,top_up_by_bank_transfer_charge,top_up_by_bank_transfer_charge,0.9905135178466872,True
is there a fee for a transfer? if so how much will it be?,top_up_by_bank_transfer_charge,top_up_by_bank_transfer_charge,0.8942765477792107,True
Please tell me about SWIFT transfers at this bank.,top_up_by_bank_transfer_charge,top_up_by_bank_transfer_charge,0.6041630480246288,True
Is there a fee for transfer top-up?,top_up_by_bank_transfer_charge,top_up_by_bank_transfer_charge,0.8379889694960582,True
Can you tell me what the transfer policy is?,top_up_by_bank_transfer_charge,failed_transfer,0.22057076600115103,False
Is a SWIFT transfer okay?,top_up_by_bank_transfer_charge,top_up_by_bank_transfer_charge,0.9461163209448107,True
Will I be charged a fee if I receive a SEPA transfer,top_up_by_bank_transfer_charge,top_up_by_bank_transfer_charge,0.9402025578712685,True
"When topping up by transfer, will I be charged?",top_up_by_bank_transfer_charge,top_up_by_bank_transfer_charge,0.9283731847709407,True
What us the fee to transfer money from my bank?,top_up_by_bank_transfer_charge,transfer_into_account,0.45786796682931197,False
Do I get charged if i am getting money?,top_up_by_bank_transfer_charge,top_up_by_bank_transfer_charge,0.720753497229058,True
Can you tell me the total cost of a transfer?,top_up_by_bank_transfer_charge,top_up_by_bank_transfer_charge,0.7468188935764956,True
can i do a transfer with swift,top_up_by_bank_transfer_charge,top_up_by_bank_transfer_charge,0.9492207159538125,True
"new customer and filling gas today, it's not working, the thing shows pending half an hour!",pending_top_up,pending_top_up,0.959325523282414,True
My card was topped this morning but I can't see the funds. Why didn't it complete?,pending_top_up,pending_top_up,0.2604628164464225,False
What would lead to my top up still pending?,pending_top_up,pending_top_up,0.980745108619792,True
there's a delay in my top-up,pending_top_up,pending_top_up,0.3204684949750628,False
Is there a reason my top up hasn't gone through,pending_top_up,pending_top_up,0.885722618044559,True
The top-up is pending.,pending_top_up,pending_top_up,0.9898129200406861,True
Could you explain why my top-up has gone through yet?,pending_top_up,pending_top_up,0.8173750724498883,True
"I've already topped up, but I cannot see the funds being available. What happened?",pending_top_up,top_up_reverted,0.27154624851857606,False
What is going on? My top-up is still pending. I use your system all the time but now it is just showing as pending.,pending_top_up,pending_top_up,0.9118315930341065,True
I  do not see a top-up processed.,pending_top_up,pending_top_up,0.39214801998966714,False
I topped up but it didn't complete,pending_top_up,pending_top_up,0.617108808685474,True
"So, I am a new customer and attempted to top up for the very first time today. It's already been pending for half an hour and doesn't seem to be working. I need to please get this fixed.",pending_top_up,pending_top_up,0.984748244446489,True
My top up is pending.,pending_top_up,pending_top_up,0.9942882670043851,True
Can you look into my top up please.  I made it over three hours ago and yet it's still pending.,pending_top_up,pending_top_up,0.8939805908712191,True
Can you please make my top up go through as soon as possible. I really need the money and it has been pending for an hour already.,pending_top_up,pending_top_up,0.9691198346331066,True
"What's going on with the top-up? All it says is pending, pending, pending! I use your service several times a week and have never had a problem before! What's going on here?",pending_top_up,pending_top_up,0.4749259053567383,False
why hasn't my top up gone through yet,pending_top_up,pending_top_up,0.9659132369796939,True
top-up is slow to process,pending_top_up,pending_top_up,0.5077331892614297,True
"Is there something wrong with your website? I tried topping up my account and it's been close to two hours now and it's still at ""pending"" for some reason. I just joined with you guys and this is the first attempt at this, so maybe I'm wrong, but shouldn't this be instant?",pending_top_up,pending_top_up,0.48697907961470527,True
"I topped up by card a while ago and it's still pending, surely it should be done by now?",pending_top_up,pending_top_up,0.6844676126747011,True
Why hasn't my top-up been completed?,pending_top_up,pending_top_up,0.8690586890816001,True
top up did not complete,pending_top_up,pending_top_up,0.8187361539472613,True
So I just put my top-up into the card and it hasn't changed.,pending_top_up,pending_top_up,0.7145179393167436,True
Why is my top up still pending?,pending_top_up,pending_top_up,0.9934702187382869,True
"Your top-up function isn't working, it still says pending even though I know my card works.",pending_top_up,pending_top_up,0.7982815937913995,True
"Hi I'm a new customer and tried topping up for the first time today, seems it's not working, the thing shows up as pending since half an hour already! Please fix it!",pending_top_up,pending_top_up,0.9884218649174443,True
"OMG!  I'm trying to load my card and it wont top up!  I desperately need the money either on my card or in my bank, where is it?",pending_top_up,top_up_failed,0.19604695562712746,False
I'm attempting to top-up my account but it has been pending for an hour.,pending_top_up,pending_top_up,0.9237478507953526,True
Why is my top-up still outstanding?,pending_top_up,pending_top_up,0.9641347957617182,True
What does it mean when my top up is saying  still pending?,pending_top_up,pending_top_up,0.9246349130463309,True
"My top up hasn't worked, it's been stuck in pending for the last couple hours",pending_top_up,pending_top_up,0.6170767911810805,True
It doesn't look like the top-up completed.,pending_top_up,pending_top_up,0.6228595896869048,True
Why does my top up say still pending when I used my card to do it.,pending_top_up,pending_top_up,0.8082628999260136,True
Where is the money I topped off with?,pending_top_up,top_up_reverted,0.17166276844445846,False
"Hi. I'm a new customer to your system and I think something isn't working right - or maybe it is. Maybe you can confirm. I tried to top up today (my first time ever) and it's been stuck at ""pending"" for over an hour now. Is it supposed to do this or is there something wrong in the system?",pending_top_up,pending_top_up,0.6587213922201275,True
Why is my top-up still pending?,pending_top_up,pending_top_up,0.9976564404180065,True
Topping up my card is not working because I believe the top up is pending,pending_top_up,top_up_failed,0.4799527660809207,False
When will my top-up process?,pending_top_up,pending_top_up,0.940328938344991,True
"The top-up has a definite problem! I regularly use your service and haven't had a problem before, but now the top-up just shows pending. Please tell my why it continues to show pending.",pending_top_up,pending_top_up,0.800874443173195,True
"I tried topping up but my funds seem to be pending. I want to buy something right now, what do I do?",pending_top_up,pending_top_up,0.46028038697013385,False
I made a transaction this morning and would like to revert it.,cancel_transfer,cancel_transfer,0.9844870774486,True
Can i cancel a charge?,cancel_transfer,cancel_transfer,0.533352079951082,True
Can I cancel my transaction?,cancel_transfer,cancel_transfer,0.9757378753161454,True
I made a transaction but did it to the wrong account.,cancel_transfer,cancel_transfer,0.9960389653053521,True
Tell me how to cancel a transfer.,cancel_transfer,cancel_transfer,0.9687650793727601,True
I need you to cancel a transfer that I made.  It is the wrong account number and the app won't let me stop the transaction.  Please stop it!,cancel_transfer,cancel_transfer,0.999442736202781,True
"I need to cancel my recent transfer immediately, I made a mistake there, please help quickly before it goes through",cancel_transfer,cancel_transfer,0.9943835166345281,True
I would like to revert a transaction I did this morning,cancel_transfer,cancel_transfer,0.9800981438373932,True
If I make a transaction can I cancel it?,cancel_transfer,cancel_transfer,0.990697294894774,True
How can I cancel a transfer?,cancel_transfer,cancel_transfer,0.9902222527465271,True
Is there any way to cancel a transfer?,cancel_transfer,cancel_transfer,0.9868375791080606,True
I accidentally made a transaction to the wrong account.,cancel_transfer,cancel_transfer,0.996332640106602,True
I want to cancel a transfer right away! Can you help?,cancel_transfer,cancel_transfer,0.9624240886315106,True
Help me cancel my transaction,cancel_transfer,cancel_transfer,0.9842526065742093,True
"This is URGENT, I typed the wrong payment information for a payment I needed to make and have clicked send, I need to reverse the transaction immediately.",cancel_transfer,cancel_transfer,0.8037805449225307,True
Can I cancel a transfer,cancel_transfer,cancel_transfer,0.9925360547080264,True
I want to reverse my transaction from earlier,cancel_transfer,cancel_transfer,0.6681297436955461,True
Is there a way to revert my transaction from this morning?,cancel_transfer,cancel_transfer,0.9096902641248885,True
I'd like to cancel a transfer,cancel_transfer,cancel_transfer,0.993921455348372,True
Can I cancel a transfer if is already processed?,cancel_transfer,cancel_transfer,0.8290149641773834,True
I transferred the wrong amount and would like to cancel the transaction.,cancel_transfer,cancel_transfer,0.99200074427546,True
I made a mistake when I did a transfer so now what can I do to fix that?,cancel_transfer,cancel_transfer,0.6320571703012713,True
I need to cancel an incorrect transaction.,cancel_transfer,cancel_transfer,0.9973453440456068,True
How do I cancel my transfer?,cancel_transfer,cancel_transfer,0.8346244668567349,True
I made a mistake with a transaction!,cancel_transfer,cancel_transfer,0.9419358061829267,True
I submitted a transaction to the incorrect account.,cancel_transfer,cancel_transfer,0.9454121498840222,True
The transfer I just made needs to be cancelled right now. It was my mistake. Please help me cancel it before it goes through!,cancel_transfer,cancel_transfer,0.9965098726670789,True
I want to go back on what I did this morning,cancel_transfer,cancel_transfer,0.20760408286795293,False
Can a transaction be cancelled?,cancel_transfer,cancel_transfer,0.9280118648342368,True
How do i cancel my transaction?,cancel_transfer,cancel_transfer,0.933483190310992,True
My transaction needs to be canceled.,cancel_transfer,cancel_transfer,0.870075575608828,True
I need to make an immediate cancellation related to a transfer. This was a mistake. Please assist quickly so this does not actually go through.,cancel_transfer,cancel_transfer,0.8000329676076311,True
I made a mistake and need to cancel a transaction,cancel_transfer,cancel_transfer,0.99953810560363,True
I made an error in payment yesterday and I need it fixed asap because it's for my rent tomorrow.,cancel_transfer,cancel_transfer,0.5613123263243601,True
Cancel my last transfer,cancel_transfer,cancel_transfer,0.8501195739050375,True
"My recent transfer needs to be cancelled immediately; it was a mistake, please can you cancel it before it goes through?",cancel_transfer,cancel_transfer,0.9914567896407523,True
I need help cancelling a transaction.,cancel_transfer,cancel_transfer,0.951983266881696,True
I don't want the transaction to go through now,cancel_transfer,cancel_transfer,0.3358010015818275,False
Can I change the amount I made on a payment that I made to the payment is correct.,cancel_transfer,card_payment_wrong_exchange_rate,0.5273457077844792,True
Please help me!  I need to cancel a transaction.,cancel_transfer,cancel_transfer,0.9981736636836929,True
can you limit my top up?,top_up_limits,top_up_limits,0.9901564938625439,True
Am I free to top-up as much as I want?,top_up_limits,top_up_limits,0.7011560255001889,True
Is there a top up limit for my account?,top_up_limits,top_up_limits,0.8913678803128949,True
What is the limit to top up?,top_up_limits,top_up_limits,0.9922801876834542,True
How much money can i top up?,top_up_limits,top_up_limits,0.8715886115337406,True
What are the restrictions to top-offs?,top_up_limits,disposable_card_limits,0.2293376345446875,False
Are the top-ups limited?,top_up_limits,top_up_limits,0.9512192419564615,True
what is the top up limit,top_up_limits,top_up_limits,0.9947975154258608,True
I need to find out what is the limit for top-ups.,top_up_limits,top_up_limits,0.9647388624981347,True
Do you have a limit to top ups?,top_up_limits,top_up_limits,0.9000737853733739,True
What is maximum top up?,top_up_limits,top_up_limits,0.9564159269519257,True
How can I tell what the limit is to top-ups?,top_up_limits,top_up_limits,0.9811661560593956,True
Is there a limit to top-up amounts?,top_up_limits,top_up_limits,0.9722243531581122,True
Is there any limit to the amount I can add to a card at a time?,top_up_limits,top_up_limits,0.6569431413441927,True
I want to know if there is a maximum I can top up.,top_up_limits,top_up_limits,0.8912993142176039,True
What is the limit to a top-up?,top_up_limits,top_up_limits,0.9954420584483417,True
Tell me if there are any top-up limits?,top_up_limits,top_up_limits,0.9632213376561939,True
How can I top-up my limit?,top_up_limits,top_up_limits,0.9950412024704656,True
Is there a limit to top-ups?,top_up_limits,top_up_limits,0.9874016380413143,True
Can I top-up as much as I want?,top_up_limits,top_up_limits,0.9714996820936415,True
Can you tell me the limits for top ups?,top_up_limits,top_up_limits,0.9438331169401615,True
When I top up what are the amoutn limits.,top_up_limits,top_up_limits,0.9083291187085539,True
Is there a limit on top-ups?,top_up_limits,top_up_limits,0.9862412333637728,True
What is the top-ups limit?,top_up_limits,top_up_limits,0.9949317337708008,True
Are there limits to top-ups?,top_up_limits,top_up_limits,0.9698415429200192,True
Is there a maximum amount of top-ups?,top_up_limits,top_up_limits,0.9655739838126473,True
Do you have a top-up limit?,top_up_limits,top_up_limits,0.9540642328901129,True
What's the top up limit?,top_up_limits,top_up_limits,0.9603473997364133,True
What is the limit to top-up?,top_up_limits,top_up_limits,0.9955470512432774,True
How much can I top-up to my card at a time?,top_up_limits,top_up_limits,0.895972174548335,True
how much can i top up?,top_up_limits,top_up_limits,0.987802212162581,True
what is the most i can top up?,top_up_limits,top_up_limits,0.7579169739253959,True
Is there a limit to how high I can top-up?,top_up_limits,top_up_limits,0.9940720875831511,True
Is there an amount limit to my top-up?,top_up_limits,top_up_limits,0.9863040223043269,True
Is there a limit for top-ups?,top_up_limits,top_up_limits,0.9832238069031306,True
Is there a maximum i can top up?,top_up_limits,top_up_limits,0.9858368919605669,True
How can I tell if there is a top-up limit?,top_up_limits,top_up_limits,0.9664915077730547,True
Do you have any restrictions to my top-up?,top_up_limits,top_up_failed,0.15959422432016898,False
As for limits are top ups included?,top_up_limits,top_up_limits,0.9310114532202002,True
What are the top-up limits?,top_up_limits,top_up_limits,0.9764143382110912,True
"I don't know if this is an issue with the ATM or my account, but I just tried withdrawing 30 pounds from the ATM I'm at now and it only gave me 10. Is this a glitch or what exactly is going on?",wrong_amount_of_cash_received,wrong_amount_of_cash_received,0.5963578769253985,True
I didn't get all the cash I requested for at the ATM,wrong_amount_of_cash_received,wrong_amount_of_cash_received,0.9616832210598947,True
How come the ATM gave me less cash than what I asked for?,wrong_amount_of_cash_received,wrong_amount_of_cash_received,0.9936290946274168,True
Why did I not get my cash back after I withdrew?,wrong_amount_of_cash_received,wrong_amount_of_cash_received,0.39429702674508144,False
I got less cash than the one I specified in the ATM,wrong_amount_of_cash_received,wrong_amount_of_cash_received,0.9014168558514978,True
The amount of cash I received was incorrect,wrong_amount_of_cash_received,wrong_amount_of_cash_received,0.9930354606790444,True
I'm at an ATM and withdrew 30 pounds and was only given 10. What should I do?,wrong_amount_of_cash_received,wrong_amount_of_cash_received,0.9278405446828062,True
The ATM gave me the wrong amount of cash today when I went to withdraw. The app says it was more.,wrong_amount_of_cash_received,wrong_amount_of_cash_received,0.9827411935236313,True
The amount of cash I received was different than what I requested.,wrong_amount_of_cash_received,wrong_amount_of_cash_received,0.9935440715672718,True
"Hi. I just withdrew cash from an ATM and received the wrong amount. However, my app shows the correct amount I withdrew. How do I get the rest of the cash?",wrong_amount_of_cash_received,wrong_amount_of_cash_received,0.9745963273787565,True
"The wrong amount of cash came out of the ATM today when I went to withdraw. When I looked at the app, it was showing it was much more.",wrong_amount_of_cash_received,wrong_amount_of_cash_received,0.9347734621734605,True
I did not get as much cash as I requested at the ATM.,wrong_amount_of_cash_received,wrong_amount_of_cash_received,0.9688657579134934,True
"How can I request cash back? The ATM just gave me the wrong amount, the app shows the amount that I've been actually charged though...",wrong_amount_of_cash_received,wrong_amount_of_cash_received,0.9894290572875893,True
Where is the money I pushed it's on my mobile app as being withdrawn.,wrong_amount_of_cash_received,cash_withdrawal_not_recognised,0.23696445453774428,False
Why did I not get all the cash I asked for?,wrong_amount_of_cash_received,wrong_amount_of_cash_received,0.9750773558466639,True
My cash withdrawal was partly declined,wrong_amount_of_cash_received,declined_cash_withdrawal,0.7350594372521863,True
Why did I only get $20 when I tried to get $100,wrong_amount_of_cash_received,wrong_amount_of_cash_received,0.9897305571494756,True
I have withdrawn cash from ATM but i received the wrong amount. I want cash back as in app its showing actual amount which i got. Please help me in this.,wrong_amount_of_cash_received,wrong_amount_of_cash_received,0.919988511514161,True
"I went to withdraw some cash earlier today, but seems the ATM gave me the wrong amount of cash! The amount showing up in the app is a lot more",wrong_amount_of_cash_received,wrong_amount_of_cash_received,0.9943470457790375,True
I tried to get $100 but I just got $20,wrong_amount_of_cash_received,wrong_amount_of_cash_received,0.9438178889000391,True
I have not received the amount of cash i was supposed to.,wrong_amount_of_cash_received,wrong_amount_of_cash_received,0.8847813849464746,True
I asked for $100 cash but only got $20?,wrong_amount_of_cash_received,wrong_amount_of_cash_received,0.9992510273342501,True
Where is the money that I asked for? I asked for more than I got!,wrong_amount_of_cash_received,wrong_amount_of_cash_received,0.8352893167993791,True
I withdrew money but the full amount wasn't dispensed.,wrong_amount_of_cash_received,wrong_amount_of_cash_received,0.8186751018902709,True
Something went wrong with my withdrawal. The amount of money isn't right.,wrong_amount_of_cash_received,wrong_amount_of_cash_received,0.9139589906699532,True
I have got out the wrong amount from an ATM. Please tell me the process to get the cash back as in app its showing the amount i have been actually received.,wrong_amount_of_cash_received,wrong_amount_of_cash_received,0.9785929537063465,True
I asked for 100 but only got 20.,wrong_amount_of_cash_received,wrong_amount_of_cash_received,0.994916378714529,True
I didn't receive the right amount of cash back,wrong_amount_of_cash_received,wrong_amount_of_cash_received,0.9511648639433139,True
The ATM gave me less cash than I requested,wrong_amount_of_cash_received,wrong_amount_of_cash_received,0.9972551677845528,True
"I didn't get as much cash as I asked for from the ATM, why?",wrong_amount_of_cash_received,wrong_amount_of_cash_received,0.8766526094338523,True
What do I do if the ATM didn't give me the correct amount I withdrew? I pulled out 30 pounds and the ATM gave me 10 pounds.,wrong_amount_of_cash_received,wrong_amount_of_cash_received,0.9929504335905344,True
"I tried to take out cash but the amount isn't right, so what do I do?",wrong_amount_of_cash_received,wrong_amount_of_cash_received,0.7248724489505656,True
I didn't receive all the cash I asked for,wrong_amount_of_cash_received,wrong_amount_of_cash_received,0.9802179381911826,True
I just got $20 when I tried to get $100,wrong_amount_of_cash_received,wrong_amount_of_cash_received,0.950112194786027,True
The right amount of cash was not sent to me.,wrong_amount_of_cash_received,wrong_amount_of_cash_received,0.9529102644755627,True
The ATM didn't give me the the withdraw amount requested.,wrong_amount_of_cash_received,wrong_amount_of_cash_received,0.9902234612328531,True
Why did I get less money than I asked for?,wrong_amount_of_cash_received,wrong_amount_of_cash_received,0.9778626815745296,True
I didn't get the right amount at the ATM.,wrong_amount_of_cash_received,wrong_amount_of_cash_received,0.9884872802109863,True
did not receive correct cash upon withdrawal,wrong_amount_of_cash_received,cash_withdrawal_not_recognised,0.513828746633547,True
Will declined funds I tried to withdraw be returned to me?,wrong_amount_of_cash_received,declined_cash_withdrawal,0.7743142321013777,True
I payed with a card and was charged an extra fee,card_payment_fee_charged,card_payment_fee_charged,0.9579420651045323,True
I was charged a fee after using my card and I shouldn't have been.,card_payment_fee_charged,card_payment_fee_charged,0.9767034934569898,True
Is there a reason I was charged a fee for using my card as payment? I've never had an extra fee before.,card_payment_fee_charged,card_payment_fee_charged,0.9735635090750528,True
"I show another charge on my card from when I used it, why?",card_payment_fee_charged,card_payment_fee_charged,0.3495823607805047,False
"Why do I get charged additional fees on some payments, but not others?",card_payment_fee_charged,card_payment_fee_charged,0.9738285833734821,True
I used my card for a purchase and was charged a fee,card_payment_fee_charged,card_payment_fee_charged,0.9474830906809795,True
Why was I charged for card payment?,card_payment_fee_charged,card_payment_fee_charged,0.936865548294343,True
There is an unauthorized fee.,card_payment_fee_charged,direct_debit_payment_not_recognised,0.24054570458460273,False
I would appreciate that someone let me know when there is an extra charge for payments. I was checking the app earlier and saying a charge on one of my payments that was additional that no one made me aware of before.,card_payment_fee_charged,card_payment_fee_charged,0.8324606270162086,True
Why was I charged an extra fee when paying with my card?,card_payment_fee_charged,card_payment_fee_charged,0.997103880921787,True
Why did I have to pay extra because I paid with card?,card_payment_fee_charged,card_payment_fee_charged,0.9575705222956115,True
Why are there fees for card usage?,card_payment_fee_charged,card_payment_fee_charged,0.4648021192229,False
im not sure what this charge is for,card_payment_fee_charged,direct_debit_payment_not_recognised,0.7063906297626783,True
What is the fee charged with this card payment?,card_payment_fee_charged,card_payment_fee_charged,0.9812395248039788,True
When would my card be charged an extra fee for a transaction?,card_payment_fee_charged,card_payment_fee_charged,0.6765741083489939,True
Why did I have to pay more when I do it with my card?,card_payment_fee_charged,card_payment_fee_charged,0.8634271524057504,True
I made a card payment and a fee is showing up?,card_payment_fee_charged,card_payment_fee_charged,0.5717981357553341,True
I have been charged a fee for paying with card,card_payment_fee_charged,card_payment_fee_charged,0.9979551117304761,True
What is the fee on my card payment?,card_payment_fee_charged,card_payment_fee_charged,0.8468921727154068,True
Why would I be charged a fee for card payment?,card_payment_fee_charged,card_payment_fee_charged,0.9921637558865306,True
Will I always be charged a fee for using my card?,card_payment_fee_charged,card_payment_fee_charged,0.9335625048615408,True
"Can I check somewhere if there will be a fee on my payment or not? Seems you are charging in some cases, what's the pattern there?",card_payment_fee_charged,card_payment_fee_charged,0.5855445818072182,True
Paying in card resulted in a fee,card_payment_fee_charged,card_payment_fee_charged,0.9609306273189357,True
I paid with card and I think there was a fee applied.,card_payment_fee_charged,card_payment_fee_charged,0.885525284742703,True
So what items  actually come  with  extra  fees,card_payment_fee_charged,transfer_fee_charged,0.29336318394849753,False
How do I avoid getting charged a fee on my card?,card_payment_fee_charged,card_payment_fee_charged,0.9892745789502229,True
Is there a fee when you pay with your card?,card_payment_fee_charged,card_payment_fee_charged,0.9497213400491261,True
I have been charged with a fee for paying with my card.,card_payment_fee_charged,card_payment_fee_charged,0.9989983734734664,True
For the first time I got a fee on my account. How do I know when you charge these fees?,card_payment_fee_charged,card_payment_fee_charged,0.8278554979284225,True
Someone needs to make me aware when there are extra charges for payments. I happened to be looking at the app earlier and noticed a charge associated to a payment that was extra that no one made me aware of before at all.,card_payment_fee_charged,card_payment_fee_charged,0.47059985223322054,False
Is using my card free?,card_payment_fee_charged,compromised_card,0.3613979308724173,False
Why was I charged an extra fee when using a card?,card_payment_fee_charged,card_payment_fee_charged,0.9310108158630708,True
What fees apply when using a card?,card_payment_fee_charged,card_payment_fee_charged,0.6936188136803629,True
Why do you charge for payments? Why aren't your charges clearly laid out in the agreement?,card_payment_fee_charged,card_payment_fee_charged,0.5078672943147151,True
Why was I charged a fee when I paid with card?,card_payment_fee_charged,card_payment_fee_charged,0.9969265954473179,True
There is a fee on my account. Why?,card_payment_fee_charged,extra_charge_on_statement,0.32857844763371513,False
Why do you charge fees on card payments?,card_payment_fee_charged,card_payment_fee_charged,0.9878260202980484,True
I was charged a fee for a card payment. Why?,card_payment_fee_charged,card_payment_fee_charged,0.9887786575708518,True
Why was a charged a fee for using the card?,card_payment_fee_charged,card_payment_fee_charged,0.9849708918611486,True
They charged me for paying with my card.,card_payment_fee_charged,card_payment_fee_charged,0.987406021944859,True
"I completed an in country transfer a few days ago and was sure to check the account information several times since the transaction was completed, but the funds are still not available. What is the problem?",transfer_not_received_by_recipient,transfer_not_received_by_recipient,0.8950059603920756,True
My money transfer has not arrived.,transfer_not_received_by_recipient,transfer_not_received_by_recipient,0.9203272887240331,True
I am still waiting for a transaction to be completed,transfer_not_received_by_recipient,transfer_not_received_by_recipient,0.7911787255015398,True
I made a money transaction but the recipient can't see it,transfer_not_received_by_recipient,transfer_not_received_by_recipient,0.9967624491401377,True
I tried to send someone money but they haven't received it.,transfer_not_received_by_recipient,transfer_not_received_by_recipient,0.5881763886322848,True
How long does it take for a transfer to get to a recipient?,transfer_not_received_by_recipient,transfer_not_received_by_recipient,0.9787269951911874,True
How can the recipient see my money transaction?,transfer_not_received_by_recipient,transfer_not_received_by_recipient,0.996913366170765,True
I transferred money but the recipient says it has not arrived. Why would this be?,transfer_not_received_by_recipient,transfer_not_received_by_recipient,0.9890963727227039,True
The transfer I did hasn't arrived,transfer_not_received_by_recipient,transfer_not_received_by_recipient,0.883813337291249,True
how long do money transfers take?,transfer_not_received_by_recipient,balance_not_updated_after_bank_transfer,0.7386000187232789,True
I transferred some money and it didint arrive,transfer_not_received_by_recipient,transfer_not_received_by_recipient,0.8239523931796396,True
Where is the transfer I started?,transfer_not_received_by_recipient,balance_not_updated_after_bank_transfer,0.5686523892972626,True
transaction failed?,transfer_not_received_by_recipient,failed_transfer,0.8797311727399088,True
"I just finished sending money, but it's not logging on the recipient side.",transfer_not_received_by_recipient,transfer_not_received_by_recipient,0.8720167659539485,True
I completed a money transaction but the recipient hasn't received it,transfer_not_received_by_recipient,transfer_not_received_by_recipient,0.9996750482575943,True
The receipient doesn't see my money transfer.,transfer_not_received_by_recipient,transfer_not_received_by_recipient,0.8543489377416734,True
"I transferred the rent payment for my new place a couple days ago but the landlord says it's not there yet, despite showing up as done on my side. I checked the account number I sent it to and it's definitely correct. Can you please verify if the transaction really went through or not?",transfer_not_received_by_recipient,transfer_not_received_by_recipient,0.9647279640650679,True
I need to find out why my transfer didn't get there.,transfer_not_received_by_recipient,failed_transfer,0.5912420743402818,True
"I've just moved address from a place in Durham to a place in Walton-On-The-Naze.  I have a new landlord at my new house and they haven't got my payment but I know I sent it on time, can you check they got it please?",transfer_not_received_by_recipient,transfer_not_received_by_recipient,0.3464573204435404,False
I sent money.  They haven't received it.,transfer_not_received_by_recipient,transfer_not_received_by_recipient,0.9412255550711067,True
"Hey, I need some help figuring out way my transfer is not complete yet. My Landlord hasn't got the money yet.She should have received it by now.",transfer_not_received_by_recipient,transfer_not_received_by_recipient,0.8761952323195361,True
"The day before yesterday, I performed a transfer which was within this country. It still hasn't gone through. Can you check on that? The account number is definitely correct, as I've checked and double checked.",transfer_not_received_by_recipient,transfer_not_received_by_recipient,0.9147945041684613,True
"I'm having a problem with a money transfer.  I sent some money to a friend a couple of hours ago, and they haven't received it yet.  Why hasn't it gotten to them? How long do transfers need to go through?",transfer_not_received_by_recipient,transfer_not_received_by_recipient,0.9665925614194576,True
I transferred some money but the receiver can't pick it up for some reason.,transfer_not_received_by_recipient,balance_not_updated_after_bank_transfer,0.27520608212250725,False
Where is the transaction I made to a friend?,transfer_not_received_by_recipient,transfer_not_received_by_recipient,0.9539956420670708,True
My friend still hasn't gotten a transaction I made.,transfer_not_received_by_recipient,transfer_not_received_by_recipient,0.9422392251024528,True
Im waiting for my transaction to go through.,transfer_not_received_by_recipient,transfer_not_received_by_recipient,0.7028979217712036,True
I made a transaction and it is taking a very long time to go through.,transfer_not_received_by_recipient,transfer_not_received_by_recipient,0.47143510327616567,False
Is there a reason why my transaction is taking so long?,transfer_not_received_by_recipient,transfer_not_received_by_recipient,0.7553034523167639,True
How long will it take for my transaction to be completed?,transfer_not_received_by_recipient,transfer_not_received_by_recipient,0.9807030000508816,True
I sent some money and the receiver can't access it.,transfer_not_received_by_recipient,transfer_not_received_by_recipient,0.5751744961758601,True
I sent my friend some money a few hours ago but she has not received it yet. She really needs it. How long does this take?,transfer_not_received_by_recipient,transfer_not_received_by_recipient,0.9877920440661431,True
The person I sent money to hasn't gotten it yet!,transfer_not_received_by_recipient,transfer_not_received_by_recipient,0.9721021137128173,True
When will my funds transfer?,transfer_not_received_by_recipient,transfer_timing,0.25831813311072466,False
"How long does it take for transfers to finish?  I sent funds to my pal, and she says that she has not gotten anything.",transfer_not_received_by_recipient,transfer_not_received_by_recipient,0.68438637685395,True
"How long do transfers need to come through? I sent some money to a friend, she needs it urgently, but seems it's still not there yet after a couple hours.",transfer_not_received_by_recipient,transfer_not_received_by_recipient,0.8584055234083284,True
How long until my friend receives my transaction?,transfer_not_received_by_recipient,transfer_not_received_by_recipient,0.8970828694644867,True
Why hasn't my recipient received their money?,transfer_not_received_by_recipient,transfer_not_received_by_recipient,0.9522469508305885,True
I am still awaiting the completion of the transaction.,transfer_not_received_by_recipient,transfer_not_received_by_recipient,0.8187848532813646,True
I transferred some money but the recipient is having trouble withdrawing.,transfer_not_received_by_recipient,transfer_not_received_by_recipient,0.7757535729491695,True
"To add money to my account, what currencies can I use?",supported_cards_and_currencies,supported_cards_and_currencies,0.9268778046855497,True
"I need support options, I want to top my card",supported_cards_and_currencies,supported_cards_and_currencies,0.7158861196059498,True
I have 1 other US card.  Can you take that?,supported_cards_and_currencies,supported_cards_and_currencies,0.26124596906720454,False
What are the cards and currencies that are supported?,supported_cards_and_currencies,supported_cards_and_currencies,0.943600618613131,True
What currencies are accepted for adding money?,supported_cards_and_currencies,supported_cards_and_currencies,0.9414652120771487,True
What kind of currencies can I use to add money?,supported_cards_and_currencies,supported_cards_and_currencies,0.9883819241295004,True
I only own one other credit card from the USA. Will it be accepted?,supported_cards_and_currencies,supported_cards_and_currencies,0.971754998766175,True
"If I only have 1 other US card, can you take it?",supported_cards_and_currencies,supported_cards_and_currencies,0.5911430591758707,True
Can I use my American Express to add money to my account?,supported_cards_and_currencies,supported_cards_and_currencies,0.995385035489092,True
can you tell me what cards and currencies you take?,supported_cards_and_currencies,supported_cards_and_currencies,0.9113592328922238,True
Can I use American Express to add money into my account?,supported_cards_and_currencies,supported_cards_and_currencies,0.9935258019348678,True
Will you accept my other card from the U.S.?,supported_cards_and_currencies,supported_cards_and_currencies,0.9792633588555475,True
What is accepted in regards to cards and currencies?,supported_cards_and_currencies,supported_cards_and_currencies,0.8730272424843115,True
Will you accept my other card?,supported_cards_and_currencies,supported_cards_and_currencies,0.8633362021329971,True
I would like to add money to my account through my American Express.,supported_cards_and_currencies,supported_cards_and_currencies,0.9064445562226568,True
Which cards do you guys support? I want to top up using my credit card.,supported_cards_and_currencies,supported_cards_and_currencies,0.9485987683163694,True
What credit cards are supported?,supported_cards_and_currencies,supported_cards_and_currencies,0.8988058897374355,True
What cards and currencies do you support?,supported_cards_and_currencies,supported_cards_and_currencies,0.9876329245994054,True
How do I transfer funds from my American Express into my account?,supported_cards_and_currencies,supported_cards_and_currencies,0.6787651008042135,True
How can I use American Express to add money to my account?,supported_cards_and_currencies,supported_cards_and_currencies,0.9947681164937906,True
"When adding money, what are the currencies you take?",supported_cards_and_currencies,supported_cards_and_currencies,0.5554048158493387,True
Which forms of currency are accepted?,supported_cards_and_currencies,supported_cards_and_currencies,0.7719398336116582,True
Are US credit cards accepted?,supported_cards_and_currencies,supported_cards_and_currencies,0.9663222367350581,True
"I want to add money but don't know what currencies you accept, can you tell me?",supported_cards_and_currencies,supported_cards_and_currencies,0.930693064551822,True
why wouldn't you support american express? its a card i like and use often and i don't want to get a different one,supported_cards_and_currencies,supported_cards_and_currencies,0.851769374008356,True
Tell me which cards and what currency is supported.,supported_cards_and_currencies,supported_cards_and_currencies,0.9559027371862507,True
Do you support all cards and currencies?,supported_cards_and_currencies,supported_cards_and_currencies,0.9147052025092224,True
Which credit or debit cards can I use to top up?,supported_cards_and_currencies,supported_cards_and_currencies,0.9814169416683977,True
What options do I have in regards to payment?,supported_cards_and_currencies,card_payment_not_recognised,0.16355541742750962,False
I just have one other card from the US. Is that okay?,supported_cards_and_currencies,supported_cards_and_currencies,0.8099654024859801,True
What are all the currencies and cards supported to use this?,supported_cards_and_currencies,supported_cards_and_currencies,0.939308863335097,True
What cards to do you support to top up.,supported_cards_and_currencies,supported_cards_and_currencies,0.8473492944722394,True
Do you accept other currencies besides US Dollars?,supported_cards_and_currencies,supported_cards_and_currencies,0.4555227008370061,False
Can I use any currency to add money?,supported_cards_and_currencies,supported_cards_and_currencies,0.9619894714391382,True
Is my currency okay to add money with?,supported_cards_and_currencies,supported_cards_and_currencies,0.8269759034292493,True
What cards and currencies will suffice?,supported_cards_and_currencies,supported_cards_and_currencies,0.937766317361548,True
How can I use American Express to add funds to my account?,supported_cards_and_currencies,supported_cards_and_currencies,0.9927068839216442,True
What cards and currencies are supported?,supported_cards_and_currencies,supported_cards_and_currencies,0.9746094397140224,True
What currencies or cards do you support for topping up?,supported_cards_and_currencies,supported_cards_and_currencies,0.5928129805089992,True
Which cards and currencies do you support?,supported_cards_and_currencies,supported_cards_and_currencies,0.9877150342184702,True
Where can I obtain my virtual card?,getting_virtual_card,getting_virtual_card,0.9648747994948306,True
How do you get a virtual card?,getting_virtual_card,getting_virtual_card,0.7623618693859052,True
Where can I find a virtual card?,getting_virtual_card,getting_virtual_card,0.9898168201776748,True
Is there an option to have a virtual card?,getting_virtual_card,getting_virtual_card,0.9712317407351349,True
If I don't want a physical card can i get a virtual version?,getting_virtual_card,order_physical_card,0.5002583661720768,True
I requested a virtual card but it is not showing up. Why?,getting_virtual_card,getting_virtual_card,0.5602782243474066,True
Can you tell me how to order a virtual card?,getting_virtual_card,getting_virtual_card,0.9670402387176368,True
Where is the virtual card?,getting_virtual_card,getting_virtual_card,0.9966493088415711,True
what is the virtual card,getting_virtual_card,getting_virtual_card,0.9730389628452979,True
how do i get a virtual card?,getting_virtual_card,getting_virtual_card,0.9153330886798932,True
Where do I order a virtual card from?,getting_virtual_card,getting_virtual_card,0.9708491377194934,True
Why did I not get a virtual card yet?,getting_virtual_card,getting_virtual_card,0.9485450570418531,True
How can I order virtual cards?,getting_virtual_card,getting_virtual_card,0.9655307021368859,True
Can you tell me where I can order a virtual card?,getting_virtual_card,getting_virtual_card,0.9205230286370321,True
Is it possible for me to get a virtual card?,getting_virtual_card,getting_virtual_card,0.7553597785671007,True
Is this where I order a virtual card?,getting_virtual_card,getting_virtual_card,0.9906089817465379,True
What are the steps to getting a virtual card?,getting_virtual_card,getting_virtual_card,0.9291636979534098,True
help me obtain a virtual card,getting_virtual_card,getting_virtual_card,0.8837678544471437,True
Where is the virtual card located?,getting_virtual_card,getting_virtual_card,0.9740451217779057,True
Where can I order a virtual card?,getting_virtual_card,getting_virtual_card,0.9798225250261369,True
Where do I obtain my virtual card?,getting_virtual_card,getting_virtual_card,0.9733853933143085,True
I want a virtual card!,getting_virtual_card,getting_virtual_card,0.9761805270970172,True
I want one of those virtual cards!,getting_virtual_card,getting_virtual_card,0.9779164525324232,True
Are virtual cards available to get?,getting_virtual_card,getting_virtual_card,0.5950600408474301,True
Can you help me sign up for a virtual card?,getting_virtual_card,getting_virtual_card,0.9024603082139311,True
Can I get a copy of the card by email?,getting_virtual_card,card_arrival,0.11072235997351375,False
Where do I find the virtual card?,getting_virtual_card,getting_virtual_card,0.9935018825469106,True
why do i not have a virtual card,getting_virtual_card,getting_virtual_card,0.9552419133195049,True
How do I order a virtual card?,getting_virtual_card,getting_virtual_card,0.9841710373551613,True
"I thought I was going to get a virtual card but I haven't received it yet, how can we resolve this?",getting_virtual_card,getting_virtual_card,0.5484438229548163,True
Please help me get a virtual card.,getting_virtual_card,getting_virtual_card,0.8094735297981858,True
Can I order a virtual card?,getting_virtual_card,getting_virtual_card,0.9796908815706603,True
Where can I go to get a virtual card?,getting_virtual_card,getting_virtual_card,0.9715072760450284,True
Where are the virtual cards located?,getting_virtual_card,getting_virtual_card,0.9296036667627012,True
I would like a virtual card- where can I purchase one?,getting_virtual_card,getting_virtual_card,0.9372527503160569,True
When should I receive my virtual card?,getting_virtual_card,getting_virtual_card,0.9477406060622794,True
I need to reorder my virtual card!,getting_virtual_card,getting_virtual_card,0.9494924443812491,True
Where can I get a virtual card?,getting_virtual_card,getting_virtual_card,0.8738595831514959,True
Is there a way to obtain a virtual card?,getting_virtual_card,getting_virtual_card,0.9703020321079655,True
Can I have one of the virtual cards?,getting_virtual_card,getting_virtual_card,0.9187882398516484,True
Will my card be accepted all over the world?,card_acceptance,country_support,0.33188864364247594,False
Who accepts this card?,card_acceptance,card_acceptance,0.9517652440750436,True
Can I use my card for payment all over the world?,card_acceptance,country_support,0.4918352315143074,True
It will be fine to use at any establishment that accepts Mastercard.,card_acceptance,card_acceptance,0.8915319297587531,True
Where can the card be used?,card_acceptance,card_acceptance,0.18737359451649263,False
Can my card be used everywhere?,card_acceptance,card_acceptance,0.5728568864042817,True
Are there any limits on where I can use my card?,card_acceptance,card_acceptance,0.8857252755914733,True
What stores can I sue my card?,card_acceptance,card_acceptance,0.6241244745280743,True
Can I use my card anywhere I want?,card_acceptance,card_acceptance,0.9657157314714022,True
Is there anywhere my card will not be accepted?,card_acceptance,card_acceptance,0.9640765251195821,True
What are the rules to where I can use my card?,card_acceptance,card_acceptance,0.6626366999556346,True
Do you know where my card will be accepted?,card_acceptance,card_acceptance,0.8950938552500655,True
What places can I use my card?,card_acceptance,card_acceptance,0.8822801329243564,True
Is my card accepted everywhere?,card_acceptance,card_acceptance,0.9748504883657462,True
What places will accept my card for payment?,card_acceptance,card_acceptance,0.6840745397966004,True
Does this card work everywhere?,card_acceptance,card_acceptance,0.6392575367629404,True
"

What businesses accept this card?",card_acceptance,card_acceptance,0.9660393598731162,True
Where can I use my card?,card_acceptance,card_acceptance,0.9150808480029007,True
Which outlets accept my card?,card_acceptance,card_acceptance,0.7209725229569339,True
"I am traveling to Germany, Will I be able to use my card there?",card_acceptance,card_not_working,0.2535325672094719,False
What stores will take my credit card as payment?,card_acceptance,pending_card_payment,0.28961080290495694,False
Is there any place I cannot use my card?,card_acceptance,card_acceptance,0.7695487688267625,True
Will I be able to use my card anywhere?,card_acceptance,card_acceptance,0.8003295891660632,True
Is my card usable anywhere?,card_acceptance,card_acceptance,0.7988164229606937,True
Is it acceptable to use my card anywhere?,card_acceptance,card_acceptance,0.8875370312763515,True
Can I use my card everywhere?,card_acceptance,card_acceptance,0.9823402234535072,True
Where is my card accepted?,card_acceptance,card_acceptance,0.921395642126281,True
Where can I pay with my debit or credit card?,card_acceptance,card_acceptance,0.8511380428726836,True
Where should my card work?,card_acceptance,card_not_working,0.44286474474960563,False
areas card is accpeted,card_acceptance,card_not_working,0.2089754569200411,False
places i can use the card,card_acceptance,card_acceptance,0.510229949259253,True
Can I make online purchases with my card?,card_acceptance,card_acceptance,0.3159763817251967,False
Does every place of business accept this card?,card_acceptance,card_acceptance,0.9086009486108136,True
What places will accept my card?,card_acceptance,card_acceptance,0.909087706549066,True
Can I use my card anywere?,card_acceptance,card_acceptance,0.8913168000135978,True
Will any business take this card?,card_acceptance,card_acceptance,0.8422449995103987,True
Will filling stations accept my card?,card_acceptance,card_acceptance,0.6721237538651426,True
Where am I able to use the card?,card_acceptance,card_not_working,0.2054204966518113,False
What can I use my card to pay for?,card_acceptance,card_acceptance,0.5082474353263724,True
Who accepts my card?,card_acceptance,card_acceptance,0.9638496292751948,True
My top-up was cancelled; will I receive a refund?,top_up_reverted,top_up_reverted,0.5147678636791642,True
How do I fix a reverted top up?,top_up_reverted,top_up_reverted,0.8168701002625121,True
Is it possible to tell if my top up has reverted?,top_up_reverted,top_up_reverted,0.9087074806828938,True
"My top-up showed as complete, but it's no longer there! What's going on here?",top_up_reverted,pending_top_up,0.4710694898451707,False
"Hi, i don't know what's going on i've just paid for my top up twice by accident can you help me get a refund please.",top_up_reverted,request_refund,0.21525827433200775,False
It seems my top up is reverted?,top_up_reverted,top_up_reverted,0.981977388555183,True
The app wouldn't accept my top up.,top_up_reverted,top_up_failed,0.5035716889869626,True
"I topped up my account and even though it was confirmed at first, the money isn't there anymore! why did this happen, and where did my money go?",top_up_reverted,top_up_reverted,0.5475844357728473,True
"I believe my money did not go through with my top up, was there a problem on your end?",top_up_reverted,top_up_failed,0.7007421217801916,True
"My top-up was reverted, why did this happen?",top_up_reverted,top_up_reverted,0.9866538028063639,True
I put money into my account for the minimum balance but the application didn't accept.,top_up_reverted,balance_not_updated_after_cheque_or_cash_deposit,0.3777073965803347,False
Can you tell me if my top-up has been cancelled?,top_up_reverted,top_up_reverted,0.8625131717779279,True
I got topped up but the application reverted it.,top_up_reverted,top_up_reverted,0.9484349184968,True
Why would my top up be cancelled?,top_up_reverted,top_up_reverted,0.9693999911979001,True
There appears to have been a reversion in my top up,top_up_reverted,top_up_reverted,0.8926514937769604,True
The application reverted my top-up.,top_up_reverted,top_up_reverted,0.9261163280824714,True
I think my top-up was cancelled.,top_up_reverted,top_up_reverted,0.9639094546611267,True
I believed crypto top up with something you offered. This does not seem to be working. The money has been removed from my account though so what's going on?,top_up_reverted,top_up_reverted,0.850415331731599,True
I topped up but the app reverted it,top_up_reverted,top_up_reverted,0.9824505475383529,True
I went to top up and it is no longer there.  Was it sent back?,top_up_reverted,top_up_reverted,0.1496520471793769,False
What happened to my top-up?,top_up_reverted,top_up_reverted,0.8905443053907837,True
Can you tell me why my top up was reverted?,top_up_reverted,top_up_reverted,0.980675577488662,True
For what reason would a top up be reverted and returned to my account?,top_up_reverted,top_up_reverted,0.9275212520157877,True
"When I topped up, the app reverted my funds.",top_up_reverted,top_up_reverted,0.9282819323313412,True
What happened to where my top-up was canceled?,top_up_reverted,top_up_reverted,0.9962418658670786,True
I tryed to make a top-up with cryptocurrency but the payment was referted.,top_up_reverted,reverted_card_payment?,0.2805811545865415,False
The app reverted my top off.,top_up_reverted,top_up_reverted,0.9585970118855918,True
The app reverted my action when I topped up.,top_up_reverted,top_up_reverted,0.9433090310089144,True
Was my top up reversed?,top_up_reverted,top_up_reverted,0.9880257501430639,True
"I see my top-up was canceled, but why?",top_up_reverted,top_up_reverted,0.9545043511239111,True
Do you know if my top-up has been cancelled?,top_up_reverted,top_up_reverted,0.9672183147697452,True
has my top-up has been cancelled,top_up_reverted,top_up_reverted,0.9247975418959113,True
My top-up was revoked.,top_up_reverted,top_up_reverted,0.6015973931130282,True
Causes of top-up cancellation,top_up_reverted,top_up_reverted,0.7754855874840111,True
The app reverted what I topped up.,top_up_reverted,top_up_reverted,0.9767698168625739,True
Has my top up been reverted?,top_up_reverted,top_up_reverted,0.9904694770517886,True
Im very upset as my top-up was canceled and I have no idea why.,top_up_reverted,top_up_reverted,0.8958068072422579,True
My top-up has been cancelled.,top_up_reverted,top_up_reverted,0.9418000063148041,True
On my last transaction it seem that my top-up was not successful.,top_up_reverted,top_up_failed,0.5816319528740046,True
I'd like to know why my top-up was canceled please.,top_up_reverted,top_up_reverted,0.9524951935877731,True
I tried making an update to my balance using cheque just yesterday but it doesn't appear to have worked. Should this not be a faster process? I need you to please check over my account because something has went wrong.,balance_not_updated_after_cheque_or_cash_deposit,balance_not_updated_after_cheque_or_cash_deposit,0.921215372692483,True
How come I don't see my deposit in my account yet?,balance_not_updated_after_cheque_or_cash_deposit,balance_not_updated_after_cheque_or_cash_deposit,0.8938112340057834,True
Is there a reason why my account isn't updating because I used a check to  balance my account?,balance_not_updated_after_cheque_or_cash_deposit,balance_not_updated_after_cheque_or_cash_deposit,0.4027495021990958,False
"I don't know why the deposit I made a week ago still hasn't showed up, I really need the money now.",balance_not_updated_after_cheque_or_cash_deposit,balance_not_updated_after_cheque_or_cash_deposit,0.8143569277398617,True
I made a cash deposit almost a week ago but it's still not there!! please sort this out asap I need the money,balance_not_updated_after_cheque_or_cash_deposit,balance_not_updated_after_cheque_or_cash_deposit,0.976694296846432,True
Where is my cash deposit?,balance_not_updated_after_cheque_or_cash_deposit,balance_not_updated_after_cheque_or_cash_deposit,0.9606016854022796,True
How can I get the cash deposit to show up on my account?,balance_not_updated_after_cheque_or_cash_deposit,balance_not_updated_after_cheque_or_cash_deposit,0.7775653586758596,True
When will I see the cash I deposited this morning as available?,balance_not_updated_after_cheque_or_cash_deposit,balance_not_updated_after_cheque_or_cash_deposit,0.9553268086973722,True
cash from this morning has not deposited,balance_not_updated_after_cheque_or_cash_deposit,balance_not_updated_after_cheque_or_cash_deposit,0.9974098673725651,True
Where is the cash from my cheque I recently deposited?,balance_not_updated_after_cheque_or_cash_deposit,balance_not_updated_after_cheque_or_cash_deposit,0.9916619958961473,True
Cash deposit to my account but it has not appeared.,balance_not_updated_after_cheque_or_cash_deposit,balance_not_updated_after_cheque_or_cash_deposit,0.9848513858444671,True
"When I deposit cheques and cash, my balance does not update.",balance_not_updated_after_cheque_or_cash_deposit,balance_not_updated_after_cheque_or_cash_deposit,0.9897312439482387,True
I made a deposit this morning but it is still pending?,balance_not_updated_after_cheque_or_cash_deposit,balance_not_updated_after_cheque_or_cash_deposit,0.9307143437266784,True
cash deposit to my account has shown a red flag.,balance_not_updated_after_cheque_or_cash_deposit,balance_not_updated_after_cheque_or_cash_deposit,0.9319444677030425,True
I have paid money into my account but it doesn't show.,balance_not_updated_after_cheque_or_cash_deposit,balance_not_updated_after_cheque_or_cash_deposit,0.2645592512455559,False
The balance on my account wasn't updated after I made a depost.,balance_not_updated_after_cheque_or_cash_deposit,balance_not_updated_after_bank_transfer,0.6013898159244249,True
Are cheques accepted to my account? Mine didn't seem to work.,balance_not_updated_after_cheque_or_cash_deposit,top_up_by_cash_or_cheque,0.287349559511595,False
I deposited a check but my balance is still the same.,balance_not_updated_after_cheque_or_cash_deposit,balance_not_updated_after_cheque_or_cash_deposit,0.9959130814395687,True
IM still waiting for my account to update from a cash deposit?,balance_not_updated_after_cheque_or_cash_deposit,balance_not_updated_after_cheque_or_cash_deposit,0.9369466856324962,True
"I Submitted a cheque couple days ago, nothing happened to my account yet.Would you please check What could be the possible issue?",balance_not_updated_after_cheque_or_cash_deposit,balance_not_updated_after_cheque_or_cash_deposit,0.343097044491861,False
Where is my deposit?,balance_not_updated_after_cheque_or_cash_deposit,balance_not_updated_after_cheque_or_cash_deposit,0.9766864583472066,True
My bank statement doesn't show the cash deposit I made recently.,balance_not_updated_after_cheque_or_cash_deposit,balance_not_updated_after_cheque_or_cash_deposit,0.8435808908287274,True
My cash deposit from a week ago hasn't shown up. I need the money - how quickly can you sort this out?,balance_not_updated_after_cheque_or_cash_deposit,balance_not_updated_after_cheque_or_cash_deposit,0.8531331337592626,True
Why didn't my balance update after my cash or checque deposit?,balance_not_updated_after_cheque_or_cash_deposit,balance_not_updated_after_cheque_or_cash_deposit,0.9522340961974077,True
Why is the cash deposit not showing up in my account?,balance_not_updated_after_cheque_or_cash_deposit,balance_not_updated_after_cheque_or_cash_deposit,0.9818820094470777,True
I made a deposit of cash and check that has not been added to my balance.,balance_not_updated_after_cheque_or_cash_deposit,balance_not_updated_after_cheque_or_cash_deposit,0.979388969082977,True
Why hasn't my balance increased after depositing a check?,balance_not_updated_after_cheque_or_cash_deposit,balance_not_updated_after_cheque_or_cash_deposit,0.8699930673126132,True
Why does my account not accept cash deposits?,balance_not_updated_after_cheque_or_cash_deposit,balance_not_updated_after_cheque_or_cash_deposit,0.6471596389291386,True
What happened to the cash that I tried to deposit into my account? It's gone!,balance_not_updated_after_cheque_or_cash_deposit,top_up_by_cash_or_cheque,0.2705871773845877,False
"I had a cheque deposited, but I still haven't seen the cash.",balance_not_updated_after_cheque_or_cash_deposit,balance_not_updated_after_cheque_or_cash_deposit,0.9914341700565947,True
"A cheque deposit hasn't posted to my account, when will my balance update?",balance_not_updated_after_cheque_or_cash_deposit,balance_not_updated_after_cheque_or_cash_deposit,0.9926832994949341,True
I submitted a cash deposit to my account but it hasn't posted yet.,balance_not_updated_after_cheque_or_cash_deposit,balance_not_updated_after_cheque_or_cash_deposit,0.9321070588925904,True
I sent a cheque  a few days ago and nothing has happened to my account yet. Can you please check on this for me?,balance_not_updated_after_cheque_or_cash_deposit,balance_not_updated_after_cheque_or_cash_deposit,0.8175820241747742,True
Has the check I deposited cleared to I can get the cash?,balance_not_updated_after_cheque_or_cash_deposit,balance_not_updated_after_cheque_or_cash_deposit,0.8570971400166141,True
How long does it take to process cheque deposits?,balance_not_updated_after_cheque_or_cash_deposit,balance_not_updated_after_cheque_or_cash_deposit,0.9156835501205004,True
How come my cash deposit is not showing up. This can't be right. There must be some mistake. Where did my cash go. You better not have lost it as I need this money asap.,balance_not_updated_after_cheque_or_cash_deposit,balance_not_updated_after_cheque_or_cash_deposit,0.5468400022822256,True
I deposited cash this morning and I am still waiting,balance_not_updated_after_cheque_or_cash_deposit,balance_not_updated_after_cheque_or_cash_deposit,0.9952161002662852,True
Balance hasn't been updated following a cheque or cash deposit,balance_not_updated_after_cheque_or_cash_deposit,balance_not_updated_after_cheque_or_cash_deposit,0.9930614370385955,True
I tired to deposit some cash into my account but it's not there,balance_not_updated_after_cheque_or_cash_deposit,balance_not_updated_after_cheque_or_cash_deposit,0.8565538179090006,True
"I sent you a cheque couple days ago, nothing happened to my account yet! This is unacceptable, where is my money??",balance_not_updated_after_cheque_or_cash_deposit,balance_not_updated_after_cheque_or_cash_deposit,0.7526822940658644,True
I have a strange payment in my statement,card_payment_not_recognised,card_payment_not_recognised,0.9844953966053955,True
There is a charge on my card that I did not make,card_payment_not_recognised,card_payment_not_recognised,0.5548617051981729,True
I saw a payment i did not do,card_payment_not_recognised,card_payment_not_recognised,0.9234429162473226,True
There is a payment that is not mine in the app.  Please advise/,card_payment_not_recognised,card_payment_not_recognised,0.8517699014771125,True
An unauthorized payment is in my app,card_payment_not_recognised,card_payment_not_recognised,0.5509782098410972,True
I did not make this card payment.,card_payment_not_recognised,card_payment_not_recognised,0.9101233152044312,True
What should I do if I see a payment I didn't make?,card_payment_not_recognised,card_payment_not_recognised,0.9590924159224345,True
I found an unauthorized card payment,card_payment_not_recognised,direct_debit_payment_not_recognised,0.3625805442513047,False
there is a transaction on my account that i didnt make,card_payment_not_recognised,card_payment_not_recognised,0.5057143587362198,True
I don't recall making that payment?,card_payment_not_recognised,card_payment_not_recognised,0.9604275436117427,True
There are some payments with my card that I don't know where they are coming from. Just checked today and it's been since a couple days as well! What to I do? Can I revert this retrospectively? My card needs to be frozen immediately as well!,card_payment_not_recognised,card_payment_not_recognised,0.6724392221152922,True
Has someone accessed my card there are payments I did not make that are showing up on the app.,card_payment_not_recognised,card_payment_not_recognised,0.9401397389356436,True
There are some strange charges on my card that I didn't make from a few days ago.  Is my card stolen and if so should I cancel it?  Will I get refunded the charges?,card_payment_not_recognised,card_payment_not_recognised,0.40800387473032035,False
Why would there be a payment on my account I don't recognize?,card_payment_not_recognised,card_payment_not_recognised,0.9770977153235911,True
I have a payment I didn't do,card_payment_not_recognised,card_payment_not_recognised,0.9587591775754888,True
There is a payment that is not mine.,card_payment_not_recognised,card_payment_not_recognised,0.9617235268532394,True
Can you freeze my account?  I just saw there are transactions on my account that I don't recognize.  How can I fix this?,card_payment_not_recognised,card_payment_not_recognised,0.6056150782523545,True
There is a card payment I do not recognise.,card_payment_not_recognised,card_payment_not_recognised,0.9821178470402674,True
I don't recognise a card payment,card_payment_not_recognised,card_payment_not_recognised,0.9826933493905265,True
Payment i did not do,card_payment_not_recognised,card_payment_not_recognised,0.920987046775146,True
"Please put a freeze on my card,  I am worried there has been some payments on it and I don't know what for.",card_payment_not_recognised,card_payment_not_recognised,0.6149360343494538,True
I think my statement has a fraudulent charge,card_payment_not_recognised,compromised_card,0.32819410992619086,False
"I'm concerned about a payment that has recently been made on my card.  I do not recognize the name that the transaction went to, can you help me?",card_payment_not_recognised,card_payment_not_recognised,0.6750382101721718,True
What should I do to get transactions off of my account if I didn't make them?  My card must have been compromised and I need to freeze it asap!,card_payment_not_recognised,compromised_card,0.6016332500498567,True
I have a payment listed in error.,card_payment_not_recognised,card_payment_not_recognised,0.769623221015774,True
What can I do about some payments on my card I didn't make.  Please put a freeze on my card till we can figure this out.,card_payment_not_recognised,card_payment_not_recognised,0.8413327382636622,True
I'm not familiar with a card payment.,card_payment_not_recognised,card_payment_not_recognised,0.40046940616646043,False
I have an unauthorized transaction on my statement,card_payment_not_recognised,direct_debit_payment_not_recognised,0.6717536347851273,True
There is a payment in the App that is not mine.,card_payment_not_recognised,card_payment_not_recognised,0.9912500102894092,True
I don't know where this transaction came from?,card_payment_not_recognised,card_payment_not_recognised,0.3799704058700066,False
I see a charge on my account that I don't recall making. I feel like my account may have been compromised.,card_payment_not_recognised,card_payment_not_recognised,0.2665995227881624,False
"I know I didn't make this payment showing up on my card, I don't remember this person at all.",card_payment_not_recognised,card_payment_not_recognised,0.657860548222658,True
Somebody used my card to make a purchase,card_payment_not_recognised,compromised_card,0.678866812521879,True
There's a recent charge on my card that I know I didn't make because I've never seen the name before. Can we investigate this?,card_payment_not_recognised,card_payment_not_recognised,0.6377553295057483,True
Some of my card payments look different than where I purchased products from. Why is that?,card_payment_not_recognised,card_payment_not_recognised,0.26951811851821433,False
There is a strange payment on my statement. What should I do?,card_payment_not_recognised,card_payment_not_recognised,0.8550822557012632,True
I think there has been a purchase made that wasn't by me.,card_payment_not_recognised,request_refund,0.26973894359549816,False
There is a fraudulent charge on my statement.,card_payment_not_recognised,extra_charge_on_statement,0.46524939745869637,False
What is the payment in my account that I did not do?,card_payment_not_recognised,card_payment_not_recognised,0.8147905338111437,True
In my statement there is a payment that is I do not recognize,card_payment_not_recognised,card_payment_not_recognised,0.9913400683710266,True
"I no longer live at my address on file, how do I change it?",edit_personal_details,edit_personal_details,0.8538210863709238,True
How to change my address.,edit_personal_details,edit_personal_details,0.9979003619469581,True
How do I update my details?,edit_personal_details,edit_personal_details,0.9930693389785685,True
My address needs to be revised.,edit_personal_details,edit_personal_details,0.8450879271742153,True
"got married, need to change account name",edit_personal_details,edit_personal_details,0.9519582552466422,True
My address has changed.,edit_personal_details,edit_personal_details,0.9869792034930562,True
got married and need to change name,edit_personal_details,edit_personal_details,0.9779850323297695,True
I want to change my personal details.,edit_personal_details,edit_personal_details,0.9978201571147068,True
I moved.  I need to update my details.,edit_personal_details,edit_personal_details,0.994489151118012,True
I need to edit the personal details section of my account,edit_personal_details,edit_personal_details,0.9723635344775876,True
Where can I change my personal information after I move?,edit_personal_details,edit_personal_details,0.9768967614450714,True
Where can I go to modify my detail?,edit_personal_details,edit_personal_details,0.8782943846031698,True
How do I change my information?,edit_personal_details,edit_personal_details,0.9578711259030301,True
I need to change my account details,edit_personal_details,edit_personal_details,0.9965155296073993,True
I moved.  Where do I update my details?,edit_personal_details,edit_personal_details,0.9872535035858461,True
I relocated and need to change my personal details.,edit_personal_details,edit_personal_details,0.9980959327178578,True
I need to update my personal details,edit_personal_details,edit_personal_details,0.9977939056762558,True
My address has changed. How do I report it?,edit_personal_details,edit_personal_details,0.9070579027530298,True
I need to update my info.,edit_personal_details,edit_personal_details,0.554892906247424,True
How can I modify my details?,edit_personal_details,edit_personal_details,0.9950247739329635,True
What do i have to do to change my name?,edit_personal_details,edit_personal_details,0.9398627384727767,True
My address has updated and I need to change it.,edit_personal_details,edit_personal_details,0.9904862509361799,True
Where can I go to update my personal profile?,edit_personal_details,edit_personal_details,0.8549207222150292,True
Is it possible to edit my personal details on the app?,edit_personal_details,edit_personal_details,0.9604519273107968,True
how can i change my details,edit_personal_details,edit_personal_details,0.9975330857317855,True
I need help changing my last name on my account.,edit_personal_details,edit_personal_details,0.6061595708742173,True
How do I update my current residence details?,edit_personal_details,edit_personal_details,0.8837352849049094,True
how do i change name?,edit_personal_details,edit_personal_details,0.9420548022183826,True
I need to change my name since I got married,edit_personal_details,edit_personal_details,0.9900573122174179,True
I want to change my address.,edit_personal_details,edit_personal_details,0.9930607660245047,True
how to change name,edit_personal_details,edit_personal_details,0.9632561312219416,True
Can I change my information?,edit_personal_details,edit_personal_details,0.951124659135898,True
I need to update my current address,edit_personal_details,edit_personal_details,0.9664523079380868,True
I have moved.  Where can I update my details?,edit_personal_details,edit_personal_details,0.9809450367004101,True
I want to change my name.,edit_personal_details,edit_personal_details,0.9595158504372144,True
Should I just wait until the post office sends a change of address form?,edit_personal_details,edit_personal_details,0.6246816626325966,True
I need to change my name what do I do?,edit_personal_details,edit_personal_details,0.9687747837515579,True
How can I edit my personal details?,edit_personal_details,edit_personal_details,0.9984089476035136,True
How do I change my address?,edit_personal_details,edit_personal_details,0.996908982193812,True
What do I need to do to change the address on my account?,edit_personal_details,edit_personal_details,0.9279917400396972,True
Why do you require so many details about my identity?,why_verify_identity,why_verify_identity,0.943563644711457,True
I'd rather not verify my identity.,why_verify_identity,unable_to_verify_identity,0.4174204233379083,False
do I need to verify my identity every time I log into my account?,why_verify_identity,why_verify_identity,0.8821375318984995,True
Why am I required to verify my identity?,why_verify_identity,why_verify_identity,0.8567452967985114,True
Can I make transfers before identity verification?,why_verify_identity,why_verify_identity,0.8483630236849765,True
What is the need to verify my identity?,why_verify_identity,why_verify_identity,0.7093120307980172,True
Do I have to do the identity check?,why_verify_identity,why_verify_identity,0.7109751083969776,True
Can I use my account without verifying my identity?,why_verify_identity,why_verify_identity,0.9859604702588372,True
Why is identity verification mandatory?,why_verify_identity,why_verify_identity,0.9054441615788037,True
Do I have to do an identity check?,why_verify_identity,why_verify_identity,0.7616205958386574,True
I would like to not have to do the identity verification.,why_verify_identity,why_verify_identity,0.6281521967529917,True
"Can I still use my account, even though the identity verification has not passed yet?",why_verify_identity,why_verify_identity,0.9491045696539104,True
Why do you require all my identity details?,why_verify_identity,why_verify_identity,0.9738118265132563,True
Why do you need so much information to verify my identity?,why_verify_identity,why_verify_identity,0.9956470016593745,True
What is the purpose for the identity check,why_verify_identity,why_verify_identity,0.7418371287697569,True
I don't like that I have to fill out so much information about my identity.,why_verify_identity,why_verify_identity,0.8046194255409421,True
What is the point of an identity check?,why_verify_identity,why_verify_identity,0.6230489580497672,True
How come you need to know my identity?,why_verify_identity,why_verify_identity,0.9104180402784192,True
"May I use my account now, even though the identity verification has not gone through yet?",why_verify_identity,why_verify_identity,0.9172115148062943,True
Do I need to verify my identity to use my account?,why_verify_identity,why_verify_identity,0.990535030735232,True
Why am I required to do an identity check?,why_verify_identity,why_verify_identity,0.9111415596645897,True
Why am I being asked to have an identity check,why_verify_identity,why_verify_identity,0.970404145413802,True
Can i make transactions before identity verification is complete?,why_verify_identity,why_verify_identity,0.9048620070810249,True
Do I really need to verify my identity?,why_verify_identity,why_verify_identity,0.5946299991609099,True
Why do I have to give you all of my identification details?,why_verify_identity,why_verify_identity,0.9417553212530536,True
Why do you require so many identity details?,why_verify_identity,why_verify_identity,0.9644982994145459,True
"Since my id hasn't been verified, when can I use my account?",why_verify_identity,unable_to_verify_identity,0.32553373131411106,False
I won't verify my identity.,why_verify_identity,unable_to_verify_identity,0.47205553076581375,False
I want to skip verification of my identity.,why_verify_identity,why_verify_identity,0.8715283503237748,True
I do not wish to verify my identity.,why_verify_identity,unable_to_verify_identity,0.5181879817575872,True
Why do I have to verify my identity?,why_verify_identity,why_verify_identity,0.8912066304119988,True
what is the identity check?,why_verify_identity,why_verify_identity,0.6448976241684053,True
What other methods are there to verify my identity?,why_verify_identity,verify_my_identity,0.5492348390648174,True
Do I need to verify my identity?,why_verify_identity,verify_my_identity,0.5519452485898774,True
Do I need to verify my identity each time I wish to use my account?,why_verify_identity,why_verify_identity,0.9682027544066737,True
Can I use my account if the identity verification is not complete?,why_verify_identity,why_verify_identity,0.945008840227766,True
Why is it asking me to verify my identity,why_verify_identity,why_verify_identity,0.9772804236883692,True
Do I have to verify my identity?,why_verify_identity,why_verify_identity,0.5080724369281597,True
Why do you need to know so much about me,why_verify_identity,why_verify_identity,0.9656353985761066,True
Why did I need to verfiy my identity?,why_verify_identity,why_verify_identity,0.9131834330486689,True
I cannot verify my identity,unable_to_verify_identity,why_verify_identity,0.6225436609081103,True
I do not have what is required to prove my identity,unable_to_verify_identity,why_verify_identity,0.5185102804114476,True
Why doesn't the app believe I am who I say I am?,unable_to_verify_identity,unable_to_verify_identity,0.5538528014438558,True
I am having trouble verifying my identity.,unable_to_verify_identity,unable_to_verify_identity,0.9648246793565691,True
what do i do if my verification failed,unable_to_verify_identity,unable_to_verify_identity,0.3722980209147132,False
It is impossible to verify my identity,unable_to_verify_identity,why_verify_identity,0.8972311411851591,True
The app doesn't know it's me.,unable_to_verify_identity,unable_to_verify_identity,0.7093334075171699,True
I'm having trouble verifying my ID.,unable_to_verify_identity,unable_to_verify_identity,0.9870311921330034,True
app does not recognize me,unable_to_verify_identity,unable_to_verify_identity,0.4479759238363555,False
Help my verify my id.,unable_to_verify_identity,unable_to_verify_identity,0.966624241801083,True
The app failed to verify my identity.,unable_to_verify_identity,unable_to_verify_identity,0.9298938419701719,True
I can't verify my ID.,unable_to_verify_identity,unable_to_verify_identity,0.9452700525867926,True
I can't prove my identity.,unable_to_verify_identity,unable_to_verify_identity,0.9800011314996656,True
I am not being recognized by the app.,unable_to_verify_identity,unable_to_verify_identity,0.8367018976721524,True
Why isn't my ID being verified?,unable_to_verify_identity,unable_to_verify_identity,0.9870454370553068,True
The app will not let me into my account.,unable_to_verify_identity,terminate_account,0.18077895070725042,False
I am having trouble proving my identity.,unable_to_verify_identity,unable_to_verify_identity,0.9943092714872769,True
I cannot prove my own identity.,unable_to_verify_identity,unable_to_verify_identity,0.8492225073811897,True
My ID won't be verified!,unable_to_verify_identity,unable_to_verify_identity,0.9804652058447899,True
I can not get the app to know it is me.,unable_to_verify_identity,unable_to_verify_identity,0.2209647684764526,False
I can't verify my identity.,unable_to_verify_identity,unable_to_verify_identity,0.4585924750842508,False
The app doesn't recognize me.,unable_to_verify_identity,unable_to_verify_identity,0.7720449930473089,True
I am having difficulties to verify my identity.,unable_to_verify_identity,unable_to_verify_identity,0.9306485143776164,True
The app doesn't believe that I am me,unable_to_verify_identity,unable_to_verify_identity,0.9309403489072949,True
What's with not verifying my Id?,unable_to_verify_identity,unable_to_verify_identity,0.9496259866279222,True
What do i need to verify my id?,unable_to_verify_identity,verify_my_identity,0.5632766652860568,True
"I tried verifying my ID, but it won't let me.",unable_to_verify_identity,unable_to_verify_identity,0.883868287808807,True
How do I show this stupid system that this is really my identity?,unable_to_verify_identity,verify_my_identity,0.542910484542037,True
I am experiencing difficulty providing my identity.,unable_to_verify_identity,unable_to_verify_identity,0.8063291732947553,True
I a having trouble proving my identity,unable_to_verify_identity,unable_to_verify_identity,0.9839521086059169,True
How long will it take for my ID to verify?,unable_to_verify_identity,unable_to_verify_identity,0.8191634857700241,True
Why am I not able to verify my id?,unable_to_verify_identity,unable_to_verify_identity,0.9693942592271311,True
It doesn't let me verify my identity.,unable_to_verify_identity,unable_to_verify_identity,0.8571727773593979,True
app doesnt think its me,unable_to_verify_identity,unable_to_verify_identity,0.6599787841907678,True
Why am I having trouble verifying my id?,unable_to_verify_identity,unable_to_verify_identity,0.9886983011982484,True
I am having issues with identity verification,unable_to_verify_identity,unable_to_verify_identity,0.7806342194120048,True
The app won't let me log in as myself.,unable_to_verify_identity,unable_to_verify_identity,0.5663083335104235,True
Why can't I verify my identity?,unable_to_verify_identity,verify_my_identity,0.5071237314355126,True
Why can't I verify my id?,unable_to_verify_identity,unable_to_verify_identity,0.9244390922823665,True
for some reason I am having a problem with verifying my identity.,unable_to_verify_identity,unable_to_verify_identity,0.980555508510889,True
What do I do with my card PIN?,get_physical_card,get_physical_card,0.7814947583950475,True
Is the PIN delivered separately?,get_physical_card,get_physical_card,0.973281565947039,True
I do not have my pin,get_physical_card,get_physical_card,0.9737974123150994,True
Are PIN separately?,get_physical_card,get_physical_card,0.9282246365648724,True
I cannot seem to find my PIN. Where is it?,get_physical_card,get_physical_card,0.9314431038421488,True
How do I set-up my PIN for the new card?,get_physical_card,get_physical_card,0.7428807611793196,True
How do I find my card PIN?,get_physical_card,get_physical_card,0.9970899301229357,True
is my card PIN saved in the app,get_physical_card,get_physical_card,0.9738913265169633,True
I don't know where to look to find my PIN.,get_physical_card,get_physical_card,0.9498047033542617,True
where in the app can i find out about my new pin,get_physical_card,get_physical_card,0.6696358333032598,True
Where in the app can I find my PIN?,get_physical_card,get_physical_card,0.9612510193619108,True
I just got my new card but am not sure how to check its PIN.,get_physical_card,activate_my_card,0.27089057811614486,False
do i need a pin,get_physical_card,get_physical_card,0.9151896370694756,True
"If I need a PIN for my card, where is it located?",get_physical_card,get_physical_card,0.8318619837306179,True
what is my card PIN,get_physical_card,get_physical_card,0.990231667509485,True
And what about the Card's PIN?,get_physical_card,get_physical_card,0.8019120953265902,True
About this card PIN?,get_physical_card,get_physical_card,0.9013841952799494,True
I received my card but not my PIN.,get_physical_card,get_physical_card,0.779421717618914,True
Why can't I see my PIN?,get_physical_card,get_physical_card,0.5818398298328444,True
what is the process for setting up a pin,get_physical_card,pin_blocked,0.23316371070367792,False
Does my PIN come with my card?,get_physical_card,get_physical_card,0.744289131584496,True
Where can I find the card PIN?,get_physical_card,get_physical_card,0.9918676933708546,True
Why isn't my PIN available yet?,get_physical_card,get_physical_card,0.597207985517383,True
Is my PIN located on my account somewhere?,get_physical_card,get_physical_card,0.8122293253494189,True
"Please help in finding my card PIN, thank you!",get_physical_card,get_physical_card,0.46958629914744465,False
Where is my PIN number located?,get_physical_card,get_physical_card,0.8881596530093593,True
I still don't have my pin.,get_physical_card,get_physical_card,0.877548432628222,True
So what about the card PIN?,get_physical_card,get_physical_card,0.8972143644143914,True
I cannot locate the card PIN.,get_physical_card,get_physical_card,0.9786696425048518,True
I need my PIN,get_physical_card,get_physical_card,0.8796384652596595,True
Where can I find my PIN?,get_physical_card,get_physical_card,0.9824448342147316,True
When do I receive my PIN,get_physical_card,get_physical_card,0.9134311715244658,True
Help me find my card pin!,get_physical_card,get_physical_card,0.9219659461361552,True
Is PIN delivered separately?,get_physical_card,get_physical_card,0.9363410517255232,True
I can not find my card pin.,get_physical_card,get_physical_card,0.9617644386985185,True
What do I need to do for a PIN?,get_physical_card,get_physical_card,0.5496663020437248,True
Why can't I find my PIN?,get_physical_card,get_physical_card,0.9755013181299452,True
Where is the card PIN?,get_physical_card,get_physical_card,0.9926567648057587,True
What is my card's PIN?,get_physical_card,get_physical_card,0.9179263532562792,True
where can user find pin?,get_physical_card,get_physical_card,0.8772319425506299,True
I like to Mastercard rather than Visa.,visa_or_mastercard,visa_or_mastercard,0.9858250024282093,True
Do I qualify for a visa card?,visa_or_mastercard,visa_or_mastercard,0.9822279295845537,True
How do I get a visa card?,visa_or_mastercard,visa_or_mastercard,0.9800433584852336,True
Do you guys accept Visa or Mastercard?,visa_or_mastercard,visa_or_mastercard,0.9786806144847335,True
Are both Visa and Mastercard accepted?,visa_or_mastercard,visa_or_mastercard,0.9858393255509039,True
Do you guys accept mastercard or visa?,visa_or_mastercard,visa_or_mastercard,0.8471393427360603,True
Are both Visa and Mastercard offered?,visa_or_mastercard,visa_or_mastercard,0.9979881402909608,True
Can you give me a visa?,visa_or_mastercard,visa_or_mastercard,0.6119394983032405,True
How to decide if I get a Visa or Mastercard?,visa_or_mastercard,visa_or_mastercard,0.9952876634128539,True
Can I get a mastercard?,visa_or_mastercard,visa_or_mastercard,0.9740019459182622,True
What steps must I follow to get a Visa credit card?,visa_or_mastercard,visa_or_mastercard,0.8957365758742096,True
I'd rather get a Mastercard,visa_or_mastercard,visa_or_mastercard,0.955711928883634,True
Do I get a choice between Visa and Mastercard?,visa_or_mastercard,visa_or_mastercard,0.9975214871278719,True
What do I have to do to get a Visa credit card?,visa_or_mastercard,visa_or_mastercard,0.9697698742861981,True
I would prefer a visa card,visa_or_mastercard,visa_or_mastercard,0.99711877457763,True
May I choose between Visa and Mastercard?,visa_or_mastercard,visa_or_mastercard,0.9986498922155103,True
Am I allowed to use any card to make a payment?,visa_or_mastercard,declined_card_payment,0.2996303658203049,False
What are the available cards?,visa_or_mastercard,country_support,0.2883092807163894,False
I want to get Visa and Mastercard,visa_or_mastercard,visa_or_mastercard,0.9997703371267543,True
Am I able to choose my card?,visa_or_mastercard,visa_or_mastercard,0.5329803814148318,True
are both visa and mastercard available to me?,visa_or_mastercard,visa_or_mastercard,0.987636567629287,True
Do you do Visa or Mastercard?,visa_or_mastercard,visa_or_mastercard,0.9993574328438793,True
How do I select a Mastercard instead of a Visa?,visa_or_mastercard,visa_or_mastercard,0.9792010258288681,True
I would like to apply for a visa card.,visa_or_mastercard,visa_or_mastercard,0.9233975839217188,True
Do I get to choose between Visa and Mastercard?,visa_or_mastercard,visa_or_mastercard,0.9990383970874958,True
We need both a visa and a Mastercard.,visa_or_mastercard,visa_or_mastercard,0.9979283638105894,True
Hello. Can you tell me if you use Visa or Mastercard?,visa_or_mastercard,visa_or_mastercard,0.9744330860301413,True
I'd like more information about choosing a Visa or Mastercard.,visa_or_mastercard,visa_or_mastercard,0.9860384967732254,True
Do you have Visa or Matercard?,visa_or_mastercard,visa_or_mastercard,0.9894760346326298,True
Is it possible to have both a Visa and a Mastercard from you?,visa_or_mastercard,visa_or_mastercard,0.9922970137192079,True
I like Mastercard better.,visa_or_mastercard,visa_or_mastercard,0.8874013983785795,True
Do you offer Visa or Mastercard?,visa_or_mastercard,visa_or_mastercard,0.9997089287508709,True
I would rather the Mastercard.,visa_or_mastercard,visa_or_mastercard,0.8825969073272368,True
Please give me both a visa and a master card.,visa_or_mastercard,visa_or_mastercard,0.9823332542035393,True
Is it possible to receive a Visa and a MasterCard?,visa_or_mastercard,visa_or_mastercard,0.9917190734036022,True
What major card payments are accepted?,visa_or_mastercard,supported_cards_and_currencies,0.5333849206720452,True
Is Visa or Mastercard available?,visa_or_mastercard,visa_or_mastercard,0.9966013711015635,True
Can you let me know if Visa is among the card scheme assignments?,visa_or_mastercard,visa_or_mastercard,0.3405788388954395,False
Do you use Mastercard or Visa?,visa_or_mastercard,visa_or_mastercard,0.996670520720626,True
Is it possible to get a Visa here?,visa_or_mastercard,visa_or_mastercard,0.8059263860956972,True
How can I top up my account with a card?,topping_up_by_card,topping_up_by_card,0.596977632400771,True
WHERE IS MY MONEY I WAS USING MY CARD AND IT DISAPPEARED,topping_up_by_card,topping_up_by_card,0.40736915884710817,False
How can I top up by card?,topping_up_by_card,topping_up_by_card,0.9326370239169237,True
What is the process for using my credit card to transfer money?,topping_up_by_card,topping_up_by_card,0.9403777628308774,True
How do I top up my card using your app? I'm new to this.,topping_up_by_card,transfer_into_account,0.24707307643946302,False
Can friends add to my account,topping_up_by_card,topping_up_by_card,0.8111891785317301,True
Can I top up using my car?,topping_up_by_card,topping_up_by_card,0.5464563955970752,True
Why can't I see my topup in my wallet anymore?,topping_up_by_card,topping_up_by_card,0.6995045729221387,True
Use credit card to transfer money,topping_up_by_card,topping_up_by_card,0.9390985295403245,True
How do my friends top up my account,topping_up_by_card,topping_up_by_card,0.990304971975729,True
"I followed the instructions to transfer money using my card, but then the money disappeared and I don't know what happened.",topping_up_by_card,topping_up_by_card,0.4514968979088209,False
Where's the money that got charged to my card? It's not showing up in my account balance,topping_up_by_card,balance_not_updated_after_bank_transfer,0.5498236024705101,True
how can i top up?,topping_up_by_card,top_up_limits,0.7779410673895399,True
"I am missing some funds from my account - I tried to transfer them using my credit card number, and it disappeared.",topping_up_by_card,topping_up_by_card,0.806913648179238,True
I have friends that would like to top-up my account is that possible?,topping_up_by_card,topping_up_by_card,0.8721336121151135,True
How do I transfer money using a credit card?,topping_up_by_card,topping_up_by_card,0.9292968245271891,True
Can I give my friends access to my account so they can top it up for me?,topping_up_by_card,topping_up_by_card,0.9572732134909229,True
"I did a top-up, but I'm not seeing it in my wallet yet.",topping_up_by_card,topping_up_by_card,0.6559516212152047,True
"i know i entered the right info, but my top up isn't in my balance",topping_up_by_card,topping_up_by_card,0.25840256691034325,False
Will my friend be able to top off my account?,topping_up_by_card,topping_up_by_card,0.4053280308396362,False
Is there a way to transfer funds directly from my card?,topping_up_by_card,receiving_money,0.18406072922483993,False
Why isn't my top up showing on my wallet?,topping_up_by_card,topping_up_by_card,0.9572278865916792,True
"I tried to top up using my card, but now the money just disappeared!",topping_up_by_card,topping_up_by_card,0.9680785043303064,True
Help me transfer money to my credit card.,topping_up_by_card,topping_up_by_card,0.7497521431287849,True
I tried to use my card to top up but all of the money has disappeared.,topping_up_by_card,topping_up_by_card,0.9582554039434749,True
Is it possible to use my credit card to transfer money?,topping_up_by_card,topping_up_by_card,0.9389551515152316,True
How can someone add money to my account?,topping_up_by_card,transfer_into_account,0.3746783400777296,False
Cannot access my top up.,topping_up_by_card,top_up_failed,0.20622721255324739,False
Are my friends able to add funds to my account?,topping_up_by_card,topping_up_by_card,0.5286703429463367,True
Can I transfer money to my credit card?,topping_up_by_card,topping_up_by_card,0.9418499912766516,True
Who else can top up my account,topping_up_by_card,topping_up_by_card,0.8802071780094649,True
Why is my money gone right when I attempted to top up,topping_up_by_card,topping_up_by_card,0.37002955622289796,False
How do i transfer money using my credit card?,topping_up_by_card,topping_up_by_card,0.9690568474119614,True
My friends want to top up my account,topping_up_by_card,topping_up_by_card,0.9931547038309455,True
Who can top up my accounts?,topping_up_by_card,topping_up_by_card,0.3067265887873678,False
show me how to top up with my card,topping_up_by_card,topping_up_by_card,0.8784025219352917,True
I topped up my card but the money disappeared.,topping_up_by_card,topping_up_by_card,0.917784353659779,True
Why don't I see my top up in my wallet?,topping_up_by_card,topping_up_by_card,0.9784437719016466,True
Why can't I see the top-up amount I just added to my account?,topping_up_by_card,pending_top_up,0.5597014905689507,True
Are my friends able to top up my account?,topping_up_by_card,topping_up_by_card,0.9792765329369895,True
How can i get multiple disposble cards.,disposable_card_limits,get_disposable_virtual_card,0.30985637609617944,False
Can I make many disposable cards per day?,disposable_card_limits,disposable_card_limits,0.9914696817910074,True
"I need to use my disposable card multiple times a day, is there a cutoff limit?",disposable_card_limits,disposable_card_limits,0.8880711274256149,True
How do I make more than one disposable card in a day?,disposable_card_limits,disposable_card_limits,0.8948388826473473,True
Can I have more than one disposable card?,disposable_card_limits,disposable_card_limits,0.957681281363284,True
what is the disposable cards limit?,disposable_card_limits,disposable_card_limits,0.9895528345621605,True
What's the most disposable cards I can have?,disposable_card_limits,disposable_card_limits,0.8196352426075136,True
Do these virtual cards have any caps on using them?,disposable_card_limits,getting_virtual_card,0.5758117487546281,True
How many disposable cards can I have?,disposable_card_limits,disposable_card_limits,0.9593351398971962,True
What is the amount of disposable cards I can have each day?,disposable_card_limits,disposable_card_limits,0.969103506969935,True
How many disposable cards per day am I allowed to have?,disposable_card_limits,disposable_card_limits,0.9573531641657491,True
How many card payments can I use on a disposable card?,disposable_card_limits,disposable_card_limits,0.8955654684524196,True
What if I need multiple disposable cards?,disposable_card_limits,disposable_card_limits,0.6210157226813023,True
"If I have more than one disposable card, can I make five payments on each of them?",disposable_card_limits,disposable_card_limits,0.7667196545278874,True
Are you able to explain the restrictions of the disposable cards?,disposable_card_limits,disposable_card_limits,0.9732862055470005,True
What is the maximum number of transactions I can make with one card?,disposable_card_limits,disposable_card_limits,0.7218291286837668,True
What is the limit to number of transactions I can do with a disposable card?,disposable_card_limits,disposable_card_limits,0.9955074543708912,True
How many disposable cards is the limit?,disposable_card_limits,disposable_card_limits,0.9976677560413623,True
Tell me how many transactions I can do with a disposable card.,disposable_card_limits,disposable_card_limits,0.9759401399028133,True
I have to have several disposable cards per day.,disposable_card_limits,disposable_card_limits,0.9924180819890968,True
I would like to know any restrictions for the disposable cards.,disposable_card_limits,disposable_card_limits,0.9780848523576109,True
How can I create many temporary cards daily?,disposable_card_limits,getting_spare_card,0.31549904507682813,False
Is it possible to make several disposable cards in a day?,disposable_card_limits,disposable_card_limits,0.9733710689931827,True
How many disposable cards can I make in a single day?,disposable_card_limits,disposable_card_limits,0.9433483073263508,True
Is there a limit to how many transactions I can make on one disposable card?,disposable_card_limits,disposable_card_limits,0.997848208263957,True
Are there any limits to how many disposable cards I can use?,disposable_card_limits,disposable_card_limits,0.9962167291790729,True
Can you explain the virtual cards limit?,disposable_card_limits,getting_virtual_card,0.6288591937863754,True
How many disposable virtual cards can I have?,disposable_card_limits,disposable_card_limits,0.8254846751563016,True
I need to create several disposable cards per day.,disposable_card_limits,disposable_card_limits,0.9811417360851847,True
Are there any hindrances to using a disposable virtual card?,disposable_card_limits,disposable_card_limits,0.576435184690058,True
How many disposable cards can I own?,disposable_card_limits,disposable_card_limits,0.9734786628679819,True
How many virtual cards do I get?,disposable_card_limits,getting_virtual_card,0.8875472461959025,True
What is the limit to disposable cards you can have?,disposable_card_limits,disposable_card_limits,0.9829836687685501,True
How many times can I use a disposable card?,disposable_card_limits,disposable_card_limits,0.9865398920872819,True
What can I use a virtual disposable card for?,disposable_card_limits,get_disposable_virtual_card,0.9928972395307649,True
Do you know what the restriction of the disposable cards are?,disposable_card_limits,disposable_card_limits,0.8939552181739925,True
What are the limits for disposable virtual cards?,disposable_card_limits,disposable_card_limits,0.9075252017396779,True
What are the limits to using disposable virtual cards?,disposable_card_limits,disposable_card_limits,0.9940528809140987,True
How many transactions can I do with one disposable card?,disposable_card_limits,disposable_card_limits,0.994591625083482,True
How many times can I use the disposable virtual card I have?,disposable_card_limits,disposable_card_limits,0.8564778895327999,True
I think someone is using my card to make transactions I don't remember.,compromised_card,compromised_card,0.9389883998005375,True
someone is using my account,compromised_card,compromised_card,0.8623929020565156,True
Someone I don't know has used my card without permission.,compromised_card,compromised_card,0.8119334765599795,True
My card was used without my permission.,compromised_card,compromised_card,0.574964935091205,True
Can I freeze my card right now?,compromised_card,lost_or_stolen_card,0.17275336768814728,False
Freeze my account it's been hacked.,compromised_card,compromised_card,0.5339053790567722,True
"There are transactions I didn't make, someone else must have used my card.",compromised_card,compromised_card,0.9603698719980326,True
Can you freeze my card because someone used it while I was out of town. I did not make these purchases.,compromised_card,compromised_card,0.49306197324058043,True
Someone is using my account to do online shopping! Please freeze it asap,compromised_card,compromised_card,0.7942920236710378,True
Someone else may be using my card.  There are transactions I don't recognize.,compromised_card,compromised_card,0.9652047903402572,True
What do I do to stop unauthorized transactions on my card? I was never in the place from which the transactions on my bill were made and I never made them. Please help!,compromised_card,compromised_card,0.8501708439121656,True
What do I do if I think my card was improperly used?,compromised_card,compromised_card,0.5822122268380725,True
How can I stop fraud on my account right now?,compromised_card,compromised_card,0.6727540434390427,True
"I think my identity has been stolen, can you check on unauthorized charges?",compromised_card,compromised_card,0.23194317763862027,False
I think someone else is using my card.  There are transactions I didn't make.,compromised_card,compromised_card,0.9870565303290386,True
"I don't recognize some of the transactions on my card, I think someone must have gotten my card info and used it.",compromised_card,compromised_card,0.9912336920805668,True
Can I use app to freeze account and dispute fraud?,compromised_card,compromised_card,0.2662664720278038,False
My card is being used online to make a bunch of purchases! Someone else is using it fraudulently. Can you help me freeze it?,compromised_card,compromised_card,0.9778958929850416,True
"Someone has my card number, freeze my account.",compromised_card,compromised_card,0.7737610203531868,True
"I see random purchases to my account, was it hacked?",compromised_card,compromised_card,0.12846489423072888,False
It seems someone used my card! There are a few transactions from a small town in the middle of nowhere that I definitely have not made! Please prevent them from using it immediately!,compromised_card,compromised_card,0.5766254276653492,True
How do I freeze my card using the app?,compromised_card,card_linking,0.3420111484365154,False
My card has been compromised,compromised_card,compromised_card,0.7040340511411204,True
What should I do if I think that someone else may be using my card.,compromised_card,compromised_card,0.984124202605743,True
"The transactions showing up are strange, I think my card was used without me knowing.",compromised_card,compromised_card,0.7191274471389604,True
How do I freeze my account?,compromised_card,terminate_account,0.29894747731165905,False
"I'm not certain, but someone may be using my card.",compromised_card,compromised_card,0.8394456538445767,True
How do I freeze my card? I think someone is using it to make a bunch of online transactions.,compromised_card,compromised_card,0.9853140926898774,True
I think someone got my card details and used it because there are transactions i don't recognize. What do I do now?,compromised_card,compromised_card,0.9510382394107108,True
Someone else used my card!,compromised_card,compromised_card,0.8519776718729989,True
I believe someone is using my card without my agreement!,compromised_card,compromised_card,0.9558674350338442,True
"If I feel someone has my card information, can I get a new card?",compromised_card,compromised_card,0.5314773568701228,True
"There are a few transaction that I don't recognize, I think someone managed to get my card details and use it.",compromised_card,compromised_card,0.5434876771412395,True
I think someone has access to my card numbers that shouldn't.,compromised_card,compromised_card,0.539881701705963,True
I think my child used my card while I wasn't home.,compromised_card,compromised_card,0.2504891399756411,False
What do I do if I think someone managed to get my card information?,compromised_card,compromised_card,0.883155671923461,True
I think someone copied the numbers on my card and is using them.,compromised_card,compromised_card,0.8425989742609127,True
What should I do if I think someone is using my card.,compromised_card,compromised_card,0.9850460505957825,True
Can I use app to freeze my card and dispute fraud?,compromised_card,compromised_card,0.491534292701429,True
"Someone else is using my card, freeze it.",compromised_card,compromised_card,0.9586270285104147,True
Do all ATMs take this card?,atm_support,atm_support,0.9922488215827663,True
Which ATMs accept this card?,atm_support,atm_support,0.9940287067098321,True
Where is the closest Mastercard ATM?,atm_support,atm_support,0.9923345357099905,True
Is there a list of ATM machines?,atm_support,atm_support,0.3387027552570981,False
Are there any specific ATMs that this card can be used at?,atm_support,atm_support,0.8538189430736335,True
How do I know which ATMs will accept this card?,atm_support,atm_support,0.9714392734473531,True
Which ATM's accept my card?,atm_support,atm_support,0.7614758545846227,True
Is there any nearby ATM's?,atm_support,atm_support,0.7156902626804921,True
Where are the locations of ATMs that accept this card?,atm_support,atm_support,0.9915122990629999,True
Which ATMs accept this placard ?,atm_support,atm_support,0.9840965536897092,True
Help me locate the nearest ATM.,atm_support,atm_support,0.42575252162277166,False
What ATMs is the card okay to use at?,atm_support,atm_support,0.7799011676867689,True
How can I find the nearest ATM?,atm_support,atm_support,0.7934503739981021,True
What kind of ATM's can I use?,atm_support,atm_support,0.885748838113542,True
How can I withdraw money?,atm_support,atm_support,0.611463935755579,True
How many miles away is the ATM?,atm_support,declined_cash_withdrawal,0.39492362166343686,False
From where can I withdraw?,atm_support,atm_support,0.8233256344823721,True
Which ATM's will accept my card?,atm_support,atm_support,0.6900129159818368,True
At what ATMS am I able to use the card?,atm_support,atm_support,0.8227846038087803,True
Can I use my card at any ATMs?,atm_support,atm_support,0.9523438577029076,True
Can I get cash with this card anywhere?,atm_support,card_acceptance,0.5436953670077056,True
"
Which ATMs accept this card?",atm_support,atm_support,0.9940287067098321,True
Can someone please assist me with finding my nearest ATM?,atm_support,atm_support,0.6324226112451673,True
Are there any ATM machines near me?,atm_support,atm_support,0.7655873956260332,True
Where is the nearest bank machine?,atm_support,atm_support,0.7754661536685027,True
What type of ATMs accept this card?,atm_support,atm_support,0.9628064299719169,True
Where can I use this card at an ATM?,atm_support,atm_support,0.9904414424191332,True
"If I have this card, which ATMs can I go to?",atm_support,atm_support,0.882906698671762,True
What ATMs can I withdraw money from?,atm_support,atm_support,0.9879940555415025,True
"I want to withdraw money, where can I go?",atm_support,atm_support,0.803718727196796,True
Where can I withdrawal my money?,atm_support,atm_support,0.5810781454703011,True
What are the ATMs that will accept this card?,atm_support,atm_support,0.9725340360503401,True
What ATMs will accept this type of card?,atm_support,atm_support,0.868959270490923,True
Where can I find an ATM to use this card?,atm_support,atm_support,0.9736757506716386,True
At which ATMs can I use this card?,atm_support,atm_support,0.9911371250995514,True
Are there certain ATMs that I can use this card at?,atm_support,atm_support,0.9457444014226463,True
Do you know the closest ATM?,atm_support,atm_support,0.9354879439048599,True
Can I use this card at an ATM?,atm_support,atm_support,0.9812543291001267,True
Is there places where I can't withdraw money?,atm_support,atm_support,0.8380199831549219,True
locations to withdraw money,atm_support,atm_support,0.853502757770234,True
Help me.  There is a Direct Debit that I didn't make.,direct_debit_payment_not_recognised,direct_debit_payment_not_recognised,0.9984406878862229,True
There is a direct debit that's not mine.,direct_debit_payment_not_recognised,direct_debit_payment_not_recognised,0.9943023862614392,True
I have a strange direct debit in my statement,direct_debit_payment_not_recognised,direct_debit_payment_not_recognised,0.9952802071043291,True
I don't understand where this debit came from and want it removed.,direct_debit_payment_not_recognised,direct_debit_payment_not_recognised,0.6177068974286326,True
what is this charge on my account,direct_debit_payment_not_recognised,extra_charge_on_statement,0.5937440344173225,True
"im so mad right now. theres several charges that I think my x boyfriend made on my card. the companys on the website wouldn't refund me my money, they told me to contact my bank. DO something please.",direct_debit_payment_not_recognised,request_refund,0.17595845439061183,False
someone stole my money,direct_debit_payment_not_recognised,lost_or_stolen_card,0.42298563951041906,False
There's a Direct Debit payment in my account that I didn't make,direct_debit_payment_not_recognised,direct_debit_payment_not_recognised,0.9931260248741587,True
There's a debit on my account that I didn't do.,direct_debit_payment_not_recognised,direct_debit_payment_not_recognised,0.9449668797383693,True
I may have a fraud charge on my debit statement.,direct_debit_payment_not_recognised,direct_debit_payment_not_recognised,0.9705902364533021,True
Why is there a direct debit payment on my app that is not from me?,direct_debit_payment_not_recognised,direct_debit_payment_not_recognised,0.9964801496761124,True
Weird charges are appearing in my debit account.,direct_debit_payment_not_recognised,direct_debit_payment_not_recognised,0.5415674488025368,True
"Even though it's late, I wanted to see about disputing a charge. I was just looking through my transactions over the past couple of months and noticed a pretty large amount that was not completed by me. Is this possibly something I can still do.",direct_debit_payment_not_recognised,direct_debit_payment_not_recognised,0.4825906355742675,False
"There was a transaction from two weeks ago from a business that I don't know. I'm fairly certain it wasn't me who made it, but is it an option to trace it to confirm?",direct_debit_payment_not_recognised,direct_debit_payment_not_recognised,0.31665272891160584,False
What is this direct debit I am seeing?,direct_debit_payment_not_recognised,direct_debit_payment_not_recognised,0.9961427430926075,True
There is a Direct Debit that I don't recognize.,direct_debit_payment_not_recognised,direct_debit_payment_not_recognised,0.9984320308969887,True
Unknown direct deposit,direct_debit_payment_not_recognised,direct_debit_payment_not_recognised,0.6040512332298457,True
There is a suspicious direct debit payment.,direct_debit_payment_not_recognised,direct_debit_payment_not_recognised,0.9938000371402694,True
There is a transaction from my account that I don't recognize can you trace back the information so I can make sure it's something I did or not?,direct_debit_payment_not_recognised,direct_debit_payment_not_recognised,0.5975099985552997,True
"A couple weeks ago some money was deducted from my account by some seller that I don't remember. I'm pretty sure I didn't do that, but is it possible to trace back who that is just to make sure?",direct_debit_payment_not_recognised,direct_debit_payment_not_recognised,0.9063346151472534,True
I found a charge for a direct debit that was not made by me.,direct_debit_payment_not_recognised,direct_debit_payment_not_recognised,0.9986660016064015,True
"I am seeing a weird payment showing up that I know I did not make, how can I get it cancelled?",direct_debit_payment_not_recognised,direct_debit_payment_not_recognised,0.46960615973975206,False
This Direct Debit payment may not be right.,direct_debit_payment_not_recognised,direct_debit_payment_not_recognised,0.9951086560693124,True
why does the app show a direct debit payment that I did not authorize,direct_debit_payment_not_recognised,direct_debit_payment_not_recognised,0.9939936095427289,True
Can I dispute a payment even if I notice it several weeks after it was made?,direct_debit_payment_not_recognised,reverted_card_payment?,0.43396772141015105,False
It seems there is an incorrect listing of a direct debit payment on my app that I did not make,direct_debit_payment_not_recognised,direct_debit_payment_not_recognised,0.9888922257928388,True
I don't think I made this charge on my debit statement.,direct_debit_payment_not_recognised,direct_debit_payment_not_recognised,0.9853797543957024,True
I have a direct debit charge that I do not recognize,direct_debit_payment_not_recognised,direct_debit_payment_not_recognised,0.9983861790861708,True
I didn't make this direct debit transaction,direct_debit_payment_not_recognised,direct_debit_payment_not_recognised,0.9991378594800654,True
There's a direct debit on my account that I didn't authorize,direct_debit_payment_not_recognised,direct_debit_payment_not_recognised,0.9935572940727533,True
I understand that this is extremely late. After going over my transactions for the last couple of months I noticed a large charge that I'm sure I did not make. Is there anyway I can still dispute this?,direct_debit_payment_not_recognised,direct_debit_payment_not_recognised,0.8984097527371034,True
I don't recognize a debit payment that was made and would like to find out about the payment.,direct_debit_payment_not_recognised,direct_debit_payment_not_recognised,0.5564115261256096,True
I am concerned about the security in my account and would like to make a dispute.,direct_debit_payment_not_recognised,direct_debit_payment_not_recognised,0.1388397810824676,False
Why is there a direct debit I didn't make showing in the app?,direct_debit_payment_not_recognised,direct_debit_payment_not_recognised,0.996187321981262,True
There is a direct debit I do not recognise in my statement,direct_debit_payment_not_recognised,direct_debit_payment_not_recognised,0.9922181324354447,True
"I have a direct debit transaction I have not set up, but would like to .",direct_debit_payment_not_recognised,direct_debit_payment_not_recognised,0.9806741314432791,True
Someone has taken my money and I don't know who,direct_debit_payment_not_recognised,cash_withdrawal_not_recognised,0.1659326246503594,False
I was charged on my account that shouldn't be there.,direct_debit_payment_not_recognised,extra_charge_on_statement,0.29336497388034694,False
There's a direct debit I wish to dispute,direct_debit_payment_not_recognised,direct_debit_payment_not_recognised,0.9982271414897599,True
Why was my account deducted from a seller when I didn't approve of it?,direct_debit_payment_not_recognised,reverted_card_payment?,0.36039009448209064,False
What do I do if I forget my passcode?  Because I did.,passcode_forgotten,passcode_forgotten,0.9579133602123812,True
I can't find my password,passcode_forgotten,passcode_forgotten,0.9913808719382087,True
How do I retrieve my passcode?,passcode_forgotten,passcode_forgotten,0.9876756603861598,True
My passcode doesn't seem to be working,passcode_forgotten,passcode_forgotten,0.971732257207998,True
I lost my password,passcode_forgotten,passcode_forgotten,0.9846359551461498,True
My password isn't being accepted and I need to reset it.,passcode_forgotten,passcode_forgotten,0.9249328070186982,True
Something is wrong with my password.,passcode_forgotten,passcode_forgotten,0.8097613751359206,True
Something is wrong with my passcode,passcode_forgotten,passcode_forgotten,0.9632534971114461,True
"How do I reset a forgotten passcode, please?",passcode_forgotten,passcode_forgotten,0.9748142936331815,True
I can't recall my passcode and need to reset it.,passcode_forgotten,passcode_forgotten,0.9897567770446378,True
Can I be given a new passcode?,passcode_forgotten,passcode_forgotten,0.9608595777873937,True
I do not know my passcode.,passcode_forgotten,passcode_forgotten,0.994130150681905,True
I don't remember my code to get into the app.,passcode_forgotten,passcode_forgotten,0.9797004242701408,True
I no longer have my passcode.,passcode_forgotten,passcode_forgotten,0.9719814299227016,True
Why won't my passcode work?,passcode_forgotten,passcode_forgotten,0.9859878340879451,True
Can I resent my passcode?,passcode_forgotten,passcode_forgotten,0.9984380982573419,True
I need to reset my passcode. How do I do it?,passcode_forgotten,passcode_forgotten,0.9904227950859557,True
Show me please how to reset my passcode.,passcode_forgotten,passcode_forgotten,0.9872265003129348,True
Help me reset the passcode.,passcode_forgotten,passcode_forgotten,0.9940540086721074,True
I have forgotten my passcode to access my app,passcode_forgotten,passcode_forgotten,0.9903923782690303,True
What should I do if the passcode doesn't work for me?,passcode_forgotten,passcode_forgotten,0.9524472390426639,True
"I do not remember the code, what should I do?",passcode_forgotten,passcode_forgotten,0.5268228395710717,True
Where can I reset the passcode?,passcode_forgotten,passcode_forgotten,0.987420888762497,True
I need help resetting my passcode to access my app.,passcode_forgotten,passcode_forgotten,0.9854109337781048,True
What steps do I take to receive another passcode?,passcode_forgotten,passcode_forgotten,0.69840145986201,True
I forgot my password,passcode_forgotten,passcode_forgotten,0.9965649372567441,True
I forgot my code to get into the app.,passcode_forgotten,passcode_forgotten,0.9836123883636018,True
I have forgotten my password.,passcode_forgotten,passcode_forgotten,0.9816926613598593,True
I forgot the code to access the app.,passcode_forgotten,passcode_forgotten,0.8055936359657772,True
Is there a way to reset my passcode?,passcode_forgotten,passcode_forgotten,0.9906608347511906,True
Can you help me reset my password?,passcode_forgotten,passcode_forgotten,0.9885203779309586,True
Can I reset my password?  I don't know what it is.,passcode_forgotten,passcode_forgotten,0.9747874864805796,True
How do I reset the passcode?,passcode_forgotten,passcode_forgotten,0.991827736910822,True
What should I do if I forgot my passcode?,passcode_forgotten,passcode_forgotten,0.9895743281380965,True
My passcode doesn't work,passcode_forgotten,passcode_forgotten,0.996380500515322,True
Tell me how to reset the passcode.,passcode_forgotten,passcode_forgotten,0.9895645665018215,True
I need a new passcode.,passcode_forgotten,passcode_forgotten,0.9908227315009269,True
I don't have my access code for the app.,passcode_forgotten,passcode_forgotten,0.446749570339372,False
Can you tell me what to do to reset my passcode?,passcode_forgotten,passcode_forgotten,0.9894690670486624,True
What is the code I need to get into the app?,passcode_forgotten,passcode_forgotten,0.8008549202263199,True
Can you tell me why you won't let me get my own money out of the money machine? I know I used the right PIN.,declined_cash_withdrawal,declined_cash_withdrawal,0.2733897565340255,False
My withdrawal was cancelled.,declined_cash_withdrawal,declined_cash_withdrawal,0.8877333121964426,True
This is very frustrating. I can't get my card to work on any ATM I try and I've tried 3 of them so far. What's going on? Can you please fix this issue immediately?,declined_cash_withdrawal,top_up_failed,0.22796920612361382,False
The ATM did not allow me to withdraw,declined_cash_withdrawal,declined_cash_withdrawal,0.708943239239634,True
Why was my ATM transaction cancelled?,declined_cash_withdrawal,declined_cash_withdrawal,0.8358919594964352,True
The ATM keeps declining my card. I tried at a couple different ATMs. Can you tell me if there's a problem with my account?,declined_cash_withdrawal,declined_cash_withdrawal,0.6528508126354959,True
I was at the ATM trying to made a withdraw and I was declined.,declined_cash_withdrawal,declined_cash_withdrawal,0.9766723800531666,True
The ATM didn't let me get any cash,declined_cash_withdrawal,declined_cash_withdrawal,0.6865966629246452,True
I want to know why I have been unable to withdrawn funds.,declined_cash_withdrawal,declined_cash_withdrawal,0.2292075141202565,False
"I need your help to check my account, please! My card keeps being declined at the ATM, and I've already tried two different ones!",declined_cash_withdrawal,declined_cash_withdrawal,0.5110115203746484,True
"Hi, My card withdrawal was declined this morning. It was working fine till yesterday. Please check and inform me.",declined_cash_withdrawal,declined_cash_withdrawal,0.7065237712612159,True
"Hi, I was trying to use my card but it was declining by ATM. I have cross checked with two different ATMs but i was facing the same issue. Could you please check my account.",declined_cash_withdrawal,declined_cash_withdrawal,0.6668557822335578,True
I tried to make a cash withdrawal and it was declined. Why did this happen?,declined_cash_withdrawal,declined_cash_withdrawal,0.6831112526202622,True
I can't get money out of the ATM,declined_cash_withdrawal,declined_cash_withdrawal,0.9725108761441124,True
The ATM is declining my card. I tried at two different ATMs. Can you tell me if there's anything wrong with my account?,declined_cash_withdrawal,declined_cash_withdrawal,0.8576813054615944,True
The withdrawal was declined I am unsure as to why this happened?,declined_cash_withdrawal,declined_cash_withdrawal,0.7266362928980306,True
I was declined when I tried to get cash.,declined_cash_withdrawal,declined_cash_withdrawal,0.9873536896630914,True
Why was I declined at the ATM today when I was trying to make a withdraw?,declined_cash_withdrawal,declined_cash_withdrawal,0.9811099519391302,True
What are some reasons that would cause ATM machines to decline my card? It has happened to me multiple times!,declined_cash_withdrawal,declined_card_payment,0.28459205732327203,False
Why did the ATM machine fail to give me a cash withdrawal?,declined_cash_withdrawal,declined_cash_withdrawal,0.686247084214014,True
My ATM transaction was unsuccessful.,declined_cash_withdrawal,wrong_amount_of_cash_received,0.3265390640630033,False
I attempted to get cash but was declined.,declined_cash_withdrawal,declined_cash_withdrawal,0.9183404610778892,True
I tried to withdraw money but I was declined!,declined_cash_withdrawal,declined_cash_withdrawal,0.9866742559230127,True
How come I can't take money out of the ATM?,declined_cash_withdrawal,declined_cash_withdrawal,0.8822457651323821,True
The ATM keeps declining my card. I tried at two different ATMs. Can you tell me if there's an issue with my account?,declined_cash_withdrawal,declined_cash_withdrawal,0.7652862595992777,True
Why was my cash withdrawal declined?,declined_cash_withdrawal,declined_cash_withdrawal,0.8724379699654315,True
Why could I not get cash?,declined_cash_withdrawal,declined_cash_withdrawal,0.9172758799697306,True
why couldn't I get cash in the ATM?,declined_cash_withdrawal,declined_cash_withdrawal,0.9740284719442378,True
Why can't I get cash?,declined_cash_withdrawal,declined_cash_withdrawal,0.9923642839522576,True
Why didn't the ATM give me my money?,declined_cash_withdrawal,wrong_amount_of_cash_received,0.460218849236618,False
i tried to withdraw money from an atm and i was declined on front of my friends. Why did this happen?,declined_cash_withdrawal,declined_cash_withdrawal,0.9341580987594696,True
The ATM isn't giving out any money.,declined_cash_withdrawal,declined_cash_withdrawal,0.8634088294922985,True
Why was I declined getting cash?,declined_cash_withdrawal,declined_cash_withdrawal,0.9484274784278307,True
I couldn't get cash at the atm,declined_cash_withdrawal,declined_cash_withdrawal,0.9508928782534966,True
"Oh my goodness, my card has been declined twice at ATM! I tried two different ATM, but each one declined my card! Can you tell me what's going on with my account?",declined_cash_withdrawal,declined_cash_withdrawal,0.6436833513486314,True
Why could I not choose cash at the ATM?,declined_cash_withdrawal,declined_cash_withdrawal,0.7314908403483908,True
My cash withdrawl was declined why?,declined_cash_withdrawal,declined_cash_withdrawal,0.9275261233591343,True
Is there a reason that the ATM declined my transaction?,declined_cash_withdrawal,declined_cash_withdrawal,0.4614845539283151,False
The cash I tried to draw from the ATM was not approved.,declined_cash_withdrawal,declined_cash_withdrawal,0.5885241401735214,True
atm would not give me cash,declined_cash_withdrawal,declined_cash_withdrawal,0.873016336938784,True
"My card payment is still on hold, why is it so?",pending_card_payment,pending_card_payment,0.5807638391294841,True
Why is my payment pending?,pending_card_payment,pending_card_payment,0.9942691986959042,True
My card payment is still pending.,pending_card_payment,pending_card_payment,0.9961012824660168,True
How do i finalize a card payment,pending_card_payment,card_payment_not_recognised,0.5110988247905117,True
Why is my card payment showing as pending?,pending_card_payment,pending_card_payment,0.9948454921230486,True
Why has my payment not gone through?,pending_card_payment,pending_card_payment,0.835667786066572,True
Please help me to know the status of my card payment as its pending since a while.,pending_card_payment,pending_card_payment,0.9342951788861886,True
"I recently made a payment, and it is showing up in my account as ""pending"". What does that mean?",pending_card_payment,pending_card_payment,0.869466737344385,True
What does it mean by pending payment?,pending_card_payment,pending_card_payment,0.9917630551596812,True
When will my card payment be done pending?,pending_card_payment,pending_card_payment,0.9783867612886975,True
I made this payment days ago so why hasn't it gone through yet?,pending_card_payment,pending_card_payment,0.9644166356771338,True
I am seeing pending from the card payment I made.,pending_card_payment,pending_card_payment,0.8599987117157577,True
My card payment is showing pending.,pending_card_payment,pending_card_payment,0.9937495495283164,True
I bought some stuff this morning but the payment shows as pending,pending_card_payment,pending_card_payment,0.9809124538732261,True
I am waiting for a payment to go through.,pending_card_payment,pending_card_payment,0.9408652505046577,True
How long does an item I bought show as pending?,pending_card_payment,pending_card_payment,0.49701532677412996,True
What is a pending payment?,pending_card_payment,pending_card_payment,0.9981618388824784,True
I would like to know why my purchases from this morning are still pending.,pending_card_payment,pending_card_payment,0.7928980346418865,True
Why is there a pending transaction on my card?,pending_card_payment,pending_card_payment,0.7948842526053033,True
My card payment is pending.,pending_card_payment,pending_card_payment,0.9974824921204722,True
Why is a payment showing up on my card as pending?,pending_card_payment,pending_card_payment,0.9882745735575724,True
I made a purchase and it says it's pending. What does that mean?,pending_card_payment,pending_card_payment,0.8692112827812646,True
How long do card transactions take to clear?,pending_card_payment,card_not_working,0.24133072271698167,False
what does pending mean?,pending_card_payment,pending_card_payment,0.854214438411948,True
How long will this card payment stay pending?,pending_card_payment,pending_card_payment,0.97348129434276,True
My payment still hasn't processed!,pending_card_payment,pending_card_payment,0.954193062743334,True
"I was double charged, and the second charge is showing as ""pending"". How long will it be before I get my money back once the second charge has been refunded?",pending_card_payment,transaction_charged_twice,0.9230958274747039,True
"I have waited 15 days, but my payment still hasn't cleared.",pending_card_payment,pending_card_payment,0.7134030030820709,True
Why would I have a pending payment?,pending_card_payment,pending_card_payment,0.9614845100012063,True
Explain what the pending payment means?,pending_card_payment,pending_card_payment,0.9374937245885473,True
Why are my payments showing pending?,pending_card_payment,pending_card_payment,0.9872063791539922,True
"My card is still pending, I've been waiting a while.",pending_card_payment,pending_card_payment,0.4200022952018587,False
How long does it take for a payment to go thru? I made one a few days ago and it has not been cleared yet.,pending_card_payment,pending_card_payment,0.7710235150477002,True
I bought some things this morning but the payment shows that it is pending,pending_card_payment,pending_card_payment,0.8897908277860036,True
How long does it take to authorise a payment?,pending_card_payment,card_delivery_estimate,0.2223929267364352,False
I had a payment that I made and it's been some amount of time and would like to know when it's suppose to go though.,pending_card_payment,pending_card_payment,0.3000203722217529,False
What does a pending transaction mean?,pending_card_payment,pending_card_payment,0.9110642033445914,True
I have paid by my card but payment is still its coming as pending. I think there is some issue please check and let me know when the status will complete.,pending_card_payment,pending_card_payment,0.8678328836615528,True
I have a pending payment in my account that I paid a while back ago and it still hasnt gone through. Why would it show pending for so long?,pending_card_payment,pending_card_payment,0.9467847191409904,True
I have a pending payment from stuff I bought this morning.,pending_card_payment,pending_card_payment,0.9611996450684168,True
My phone was stolen,lost_or_stolen_phone,lost_or_stolen_phone,0.999671073250511,True
My phone was stolen yesterday.  What should I do?,lost_or_stolen_phone,lost_or_stolen_phone,0.9985012803716,True
"If my phone is missing, can I block someone from using the app?",lost_or_stolen_phone,lost_or_stolen_phone,0.9659092088953761,True
I think my phone is either lost or stolen.,lost_or_stolen_phone,lost_or_stolen_phone,0.982517291300262,True
"If I was mugged and lost everything, how do I access my account and app?",lost_or_stolen_phone,lost_or_stolen_phone,0.9564682793735096,True
I can't find my phone.,lost_or_stolen_phone,lost_or_stolen_phone,0.9886387488122707,True
I've lost track of my phone or someone stole it.,lost_or_stolen_phone,lost_or_stolen_phone,0.890400752995649,True
"I'm not sure where my phone is, I think someone stole it or it's lost.",lost_or_stolen_phone,lost_or_stolen_phone,0.9388540045601933,True
Can I used my card even if my phone has been stolen?,lost_or_stolen_phone,lost_or_stolen_phone,0.9033049594932461,True
"My phone was stolen, what do I do?",lost_or_stolen_phone,lost_or_stolen_phone,0.997724463397945,True
"lost my phone, dont want others to use it.",lost_or_stolen_phone,lost_or_stolen_phone,0.985968630485826,True
I lost my phone and need help securing it.,lost_or_stolen_phone,lost_or_stolen_phone,0.9768252721311032,True
My phone was stolen so I no longer have access to the app.,lost_or_stolen_phone,lost_or_stolen_phone,0.9992302790761924,True
"left phone at hotel, how to access app",lost_or_stolen_phone,lost_or_stolen_phone,0.9798975193748015,True
My phone is not on me.  How can I use the app?,lost_or_stolen_phone,lost_or_stolen_phone,0.9936157539029684,True
my phone is gone,lost_or_stolen_phone,lost_or_stolen_phone,0.998247203359101,True
My phone is not with me at the moment so I will not be able to access the app.,lost_or_stolen_phone,lost_or_stolen_phone,0.9710994251219066,True
my phone was taken! can you place cancel my account so no one uses it,lost_or_stolen_phone,lost_or_stolen_phone,0.7585225376985175,True
I lost my phone and would like to freeze my accounts.,lost_or_stolen_phone,lost_or_stolen_phone,0.9230437104081334,True
"lost phone, can i still access account?",lost_or_stolen_phone,lost_or_stolen_phone,0.9953866647972575,True
The hotel called and said I left my phone in the room.,lost_or_stolen_phone,lost_or_stolen_phone,0.9238954609403273,True
Someone stole my phone yesterday :( is there anything I need to do?,lost_or_stolen_phone,lost_or_stolen_phone,0.9802860314076176,True
"lost phone, dont want others to access account",lost_or_stolen_phone,lost_or_stolen_phone,0.9777751004901455,True
I was mugged and everything taken.  What do I do to protect my account?,lost_or_stolen_phone,lost_or_stolen_phone,0.6616157110919018,True
I believe I left my smartphone at the hotel I was staying at.,lost_or_stolen_phone,lost_or_stolen_phone,0.3845240708562212,False
"Someone attacked me yesterday and took my things, so I am unable to use the app.  I am in need of some help.",lost_or_stolen_phone,lost_or_stolen_phone,0.5645636861109776,True
Can I still use the app if I switched phones?,lost_or_stolen_phone,lost_or_stolen_phone,0.7726932478533345,True
I was mugged yesterday and they took everything.  I can't access my app.  What are my next steps?,lost_or_stolen_phone,lost_or_stolen_phone,0.9426025615499456,True
I got mugged yesterday and lost access to the app. I need to regain it.,lost_or_stolen_phone,lost_or_stolen_phone,0.9284432199974789,True
"If I lost my phone, can someone use my account?",lost_or_stolen_phone,lost_or_stolen_phone,0.9972371725267962,True
I am not able to use the app since I forgot my phone at the hotel I was staying at.,lost_or_stolen_phone,lost_or_stolen_phone,0.9605444800153976,True
Someone stole my phone.,lost_or_stolen_phone,lost_or_stolen_phone,0.9899944495865179,True
Someone stole my cards!,lost_or_stolen_phone,lost_or_stolen_card,0.7212800844153637,True
My phone is lost.  What do I do to prevent someone from using the app?,lost_or_stolen_phone,lost_or_stolen_phone,0.989072927129628,True
Is there anything I need to do since my phone was stolen?,lost_or_stolen_phone,lost_or_stolen_phone,0.9837439105969312,True
I lost my phone!,lost_or_stolen_phone,lost_or_stolen_phone,0.9978644296031149,True
I can't find my phone but it has all my credit card information.,lost_or_stolen_phone,topping_up_by_card,0.2967283613064558,False
How do I use the app if I don't have my phone with me?,lost_or_stolen_phone,lost_or_stolen_phone,0.9848866192921717,True
I got mugged yesterday and can't use the app.,lost_or_stolen_phone,lost_or_stolen_phone,0.9292915291467218,True
"My things were stolen yesterday and I can't use any apps or anything, so I am going to need some help.",lost_or_stolen_phone,lost_or_stolen_phone,0.9268697351278192,True
"Hello- It is urgent I get a refund on this product. The merchant has not been helpful, what can I do now to get this resolved ASAP?",request_refund,request_refund,0.8999990548650451,True
Can I receive a refund for my item?,request_refund,request_refund,0.9730489759418383,True
Get an item refund,request_refund,request_refund,0.9881614886790028,True
Would I be able to get a refund for something I bought?,request_refund,request_refund,0.9873907714656904,True
I need to do a refund,request_refund,Refund_not_showing_up,0.6904278398586698,True
I need a refund on an item I have not received.  Am I able to simply cancel the payment?  I don't know how to do this.,request_refund,request_refund,0.9358538851559932,True
I would like a refund for something I bought,request_refund,request_refund,0.9928626110770781,True
I want to return an item.,request_refund,request_refund,0.9698516800131608,True
Can I have a refund?,request_refund,request_refund,0.9079808265117326,True
"I wasn't charged the correct amount for an item I purchased, how can I fix this?",request_refund,card_payment_wrong_exchange_rate,0.8333449998175986,True
Hi there! I need to cancel an order I recently made and start processing a refund. Can you please help me with this and set up the refund as soon as possible? It's very urgent.,request_refund,request_refund,0.8055316434613989,True
Please stop my purchase.,request_refund,request_refund,0.7438136241719143,True
I want a refund because my package has been taking too long to arrive. How do I go about doing that?,request_refund,request_refund,0.8517282469520616,True
How do I apply for a refund?,request_refund,request_refund,0.8766283639981555,True
Can I have an item refunded?,request_refund,request_refund,0.9919114741804733,True
"I ordered something ages ago online but it's simply not arriving. I've got enough! Give me back my money, I'm not paying these people.",request_refund,request_refund,0.7619087338961259,True
What do I need to do to get a refund?,request_refund,request_refund,0.9790362442567707,True
I need a refund?,request_refund,request_refund,0.8900137994524709,True
"I am unhappy with my purchase, how do I cancel the order?",request_refund,request_refund,0.8592231325611885,True
I bought something but now I would like a refund. How do I do that?,request_refund,request_refund,0.9649163537026204,True
How do I get refunded?,request_refund,request_refund,0.9323701999901689,True
Can you cancel my purchase?,request_refund,request_refund,0.9654414394676787,True
How do I cancel a previous purchase,request_refund,request_refund,0.8411092584957623,True
I would appreciate it if I could get an item refunded,request_refund,request_refund,0.9287052176099877,True
How do I claim a refund?,request_refund,request_refund,0.9378024334763538,True
"I don't want the item, I bought it on accident, can I get a refund?",request_refund,request_refund,0.9951901811587252,True
Hello I changed my mind and really need a refund on one of things I bought recently. Can you please cancel the transaction and get my money back. Please it's urgent.,request_refund,request_refund,0.9425486115883648,True
I would like a refund on one of your products that has been sold to me,request_refund,request_refund,0.9645767944799286,True
I am not Happy with this product can i get a refund?,request_refund,request_refund,0.9790314231387696,True
I want this amount reversed out of my account.,request_refund,terminate_account,0.38970893622513575,False
Hello! I recently made a purchase and I'm needing to cancel my order and process a refund as soon as possible.,request_refund,request_refund,0.9855154256686208,True
I want to reverse a purchase. Can I cancel it?,request_refund,request_refund,0.8649518630111795,True
I am chatting about an order from a long while back.  I never got it to this day and am deeply upset by this!  I want all of my money back!  I just can not accept paying for something I never got.,request_refund,request_refund,0.4427516926321763,False
I bought this item and was charged the wrong amount can I get a refund?,request_refund,request_refund,0.8398232770636547,True
I would like to cancel a payment. I purchased something several days ago and i still have not received it.,request_refund,request_refund,0.664060035682934,True
What's the refund process?,request_refund,Refund_not_showing_up,0.5763400748145932,True
I want a refund for my purchase,request_refund,request_refund,0.9954728587160987,True
How can I process a refund for something I purchased?,request_refund,request_refund,0.9615283898614541,True
I want to get an item refunded,request_refund,request_refund,0.9957048589546004,True
I need to cancel a purchase I made.,request_refund,request_refund,0.9501021737769016,True
I tried to make a transfer and it was declined. Why?,declined_transfer,declined_transfer,0.8575009294869849,True
Good morning. I tried to make a purchase with my credit card last night and again this morning. Both times it was declined. Can you investigate?,declined_transfer,declined_card_payment,0.2104387692544455,False
I am getting continuous failure for all my transfers. I have cross checked each recipient detail again and again and everything is correct.,declined_transfer,declined_transfer,0.4253162356549967,False
why was my transfer declined,declined_transfer,declined_transfer,0.9440605997898739,True
What would make a decline message show up during a transfer?,declined_transfer,declined_transfer,0.9804512170927815,True
Why do you keep declining my transfers?it was always been working really well so far but when I tried to buy something just now the card got declined . I tried couple of times already  but same thing is happening.,declined_transfer,declined_transfer,0.8519506443139025,True
"How can I fix my card, it got declined twice.",declined_transfer,transaction_charged_twice,0.5260524045016703,True
Why did a transfer get declined?,declined_transfer,declined_transfer,0.9583598670738828,True
My transfers are being declined. IT has always worked for me but now it's declining my card. I've tried several times.,declined_transfer,declined_transfer,0.9316746232766857,True
Why did my transfer decline,declined_transfer,declined_transfer,0.9476099684439202,True
The card got declined twice when I tried to use it to buy something online yesterday.,declined_transfer,declined_transfer,0.6777958539999271,True
"If the transfer details have already but reviewed and confirmed that they are correct, what other reason would cause my transfer to be declined?",declined_transfer,declined_transfer,0.7576212865860393,True
Why did I get a transfer declined?,declined_transfer,declined_transfer,0.9560341700399169,True
Why did my my transfer get declined?,declined_transfer,declined_transfer,0.9596096245746562,True
How do I contact customer support about a transfer?,declined_transfer,declined_transfer,0.2404356433111484,False
"You keep declining my transfers? It's always been working really well so far, but when I tried to buy something just now the card got declined. I tried couple times already but same thing.",declined_transfer,declined_transfer,0.9397895382340522,True
Why was I unable to do a transfer?,declined_transfer,failed_transfer,0.7844686103211822,True
Trouble transferring transaction contact for help,declined_transfer,cancel_transfer,0.32258571749490217,False
Why could my transfer have been declined?,declined_transfer,declined_transfer,0.9649567282614806,True
When I try and to buy something using my card it keeps getting declined.,declined_transfer,declined_card_payment,0.4238459617240985,False
I could not do a transfer because it was declined,declined_transfer,declined_transfer,0.791347608764,True
"When I submit a transfer, it is being declined.  The information I put in has been reviewed.",declined_transfer,declined_transfer,0.7345908086875171,True
Why was the transfer declined?,declined_transfer,declined_transfer,0.9039189680673876,True
What is the reason my transfer was declined?,declined_transfer,declined_transfer,0.960489685951646,True
My transfer got declined.,declined_transfer,declined_transfer,0.9987853037016517,True
My transfer was declined,declined_transfer,declined_transfer,0.9988380328898877,True
"I tired to move my money, but my transfer was declined.",declined_transfer,declined_transfer,0.976459815768881,True
I would like to know why my transfer was declined.,declined_transfer,declined_transfer,0.99490890629462,True
"I tried to make a transfer, but it was declined. Can you tell me why?",declined_transfer,declined_transfer,0.8149881929480364,True
For what reason was my transfer declined?,declined_transfer,declined_transfer,0.9021067630379193,True
My transfer has been declined and I know it should have went through.,declined_transfer,declined_transfer,0.9561461959006831,True
Double check your funds may be declined,declined_transfer,declined_cash_withdrawal,0.5862834544840216,True
I can't transfer money from my account.,declined_transfer,transfer_into_account,0.45608196158597286,False
"Why would my transfer be declined? I've checked that I've put in all the right details, but it is still declined.",declined_transfer,declined_transfer,0.9723814087713047,True
I tried to buy something online yesterday but it kept saying declined. Tried again today but same thing happened. What's broken?,declined_transfer,declined_transfer,0.9539564448332872,True
I tried to buy something online yesterday but it wouldn't stop saying declined. Tried again today but same thing happened. What's Broken?,declined_transfer,declined_transfer,0.9396562993682079,True
My card is being declined online. Could you tell me what might be broken or wrong with the account?,declined_transfer,declined_transfer,0.25428050945188574,False
Are there any restrictions causing my transfer to be declined?,declined_transfer,declined_transfer,0.5479245447745446,True
"I was attempting to purchase a golf club off eBay yesterday, but my credit card was declined. I tried multiple times, and again this morning. Can you check into my card please?",declined_transfer,declined_card_payment,0.22831298486374754,False
"I think my transfer was declined, but why?",declined_transfer,declined_transfer,0.9764067891565603,True
The refund isn't showing up on my account.,Refund_not_showing_up,Refund_not_showing_up,0.9905215078108468,True
My refund is missing from my statement.,Refund_not_showing_up,Refund_not_showing_up,0.9969439088068807,True
"I requested a refund, and never received it. What can I do?",Refund_not_showing_up,request_refund,0.5675153675561408,True
I was supposed to get a purchase refunded but I don't see the money in my account,Refund_not_showing_up,Refund_not_showing_up,0.6704541897870969,True
There's a refund missing from my statement,Refund_not_showing_up,Refund_not_showing_up,0.9759214474248136,True
"I need help. I asked for a refund from a merchant a while ago, but I have not gotten my money back. I keep checking my account, but nothing is showing up. What should I do now?",Refund_not_showing_up,Refund_not_showing_up,0.8887889187051685,True
I am awaiting my refund,Refund_not_showing_up,Refund_not_showing_up,0.9995766340581836,True
How long does it take for a refund?,Refund_not_showing_up,Refund_not_showing_up,0.4800542011907903,False
"Help! I keep checking my account, but my refund is not showing. I requested that a seller refund my money a while back, but there is no money showing in my account. What can you do for me?",Refund_not_showing_up,Refund_not_showing_up,0.9766417037873478,True
Can you tell me why my refund is not showing in my statement?,Refund_not_showing_up,Refund_not_showing_up,0.996143726974795,True
"I asked for a refund last week but nothing has happened yet, can you help me please?",Refund_not_showing_up,Refund_not_showing_up,0.7283038871125549,True
Why is my refund missing from my  statement?,Refund_not_showing_up,Refund_not_showing_up,0.9966773859353892,True
Still waiting on a refund.,Refund_not_showing_up,Refund_not_showing_up,0.9828420811821189,True
I requested a refund and it is missing.,Refund_not_showing_up,Refund_not_showing_up,0.9784751252262891,True
"Hi, As suggested by you, i have asked the seller to initiate the refund, it has been a week and i haven't received my money. Please advise.",Refund_not_showing_up,Refund_not_showing_up,0.4850483833249828,True
I bought something and returned it and the money from the return isn't in my account.,Refund_not_showing_up,reverted_card_payment?,0.4008019763471289,False
Do you have any idea on when I will receive my refund? I got my statement and it was not there.,Refund_not_showing_up,Refund_not_showing_up,0.8792252515234337,True
Why isn't a recent refund on my statement?,Refund_not_showing_up,Refund_not_showing_up,0.9869030699220871,True
Where can I see the refund in my account,Refund_not_showing_up,Refund_not_showing_up,0.9886915987274647,True
"i was supposed to get a refund but my balance hasn't changed, why not?",Refund_not_showing_up,Refund_not_showing_up,0.7891376622858375,True
I requested a refund from a merchant days ago but I do not see it in my account.,Refund_not_showing_up,Refund_not_showing_up,0.9978842420023167,True
The refund has not appeared in my account,Refund_not_showing_up,Refund_not_showing_up,0.9893566505522254,True
Did my refund go through? It's not on my statement.,Refund_not_showing_up,Refund_not_showing_up,0.9857143161485974,True
My statement doesn't show that a refund has processed,Refund_not_showing_up,Refund_not_showing_up,0.921642135873206,True
I requested a refund from a store but it hasn't arrived.,Refund_not_showing_up,Refund_not_showing_up,0.9797423318843086,True
I still haven't seen a refund on my account,Refund_not_showing_up,Refund_not_showing_up,0.9469754344211131,True
I am missing a refund.,Refund_not_showing_up,Refund_not_showing_up,0.9646280251648858,True
My refund doesn't seem to be showing on my statement.,Refund_not_showing_up,Refund_not_showing_up,0.9928614734626422,True
I am not seeing a refund in my statement.,Refund_not_showing_up,Refund_not_showing_up,0.9891297706737564,True
Why can't I see a recent refund in my statement?,Refund_not_showing_up,Refund_not_showing_up,0.9912759480953255,True
"I did what you told me earlier and contacted the seller for a refund directly, but nothing is happening! It's been a week and I still haven't got anything. Please just give me back my money",Refund_not_showing_up,Refund_not_showing_up,0.5555711642160782,True
Where is my refund? I have been checking my account all day.,Refund_not_showing_up,Refund_not_showing_up,0.9128544332839814,True
It's been a week and I have done everything that I was asked to do and still nothing. I have contacted the seller and have not gotten a response. Please understand my frustration and put the money back in my account.,Refund_not_showing_up,Refund_not_showing_up,0.16041808704796887,False
My refund is missing,Refund_not_showing_up,Refund_not_showing_up,0.9971890650498499,True
Why doesn't a return show up im my account from a purchase I made?,Refund_not_showing_up,request_refund,0.3450835149892736,False
I keep checking my bank statements but I don't see a refund that I've requested from a seller. Can you ensure that I receive the refund from the seller?,Refund_not_showing_up,Refund_not_showing_up,0.9869286829008881,True
"I am waiting patiently for a week now for the seller to get back to me and there has been no response, could you please help me further with getting my money back.  Thank you.",Refund_not_showing_up,reverted_card_payment?,0.1632607043905866,False
I would like some help getting a refund back from a seller. It still isn't showing up on my statement and I requested this a long time ago. I'm not sure why it's not returned yet. Can you assist me in getting this money back?,Refund_not_showing_up,Refund_not_showing_up,0.8983291011958456,True
How long will it take to get my refund,Refund_not_showing_up,Refund_not_showing_up,0.9611562426452472,True
I should have received a refund however it is not showing on my statement,Refund_not_showing_up,Refund_not_showing_up,0.9438481158306526,True
My credit card was declined.,declined_card_payment,declined_card_payment,0.59288619341171,True
The new card that was just sent to me was declined multiple times yesterday when I tried to use it at a restaurant to pay for my dinner.  I am really disappointed  and embarrassed that my card was denied when I tried to use it to pay for my friend's birthday dinner.,declined_card_payment,declined_card_payment,0.5046482255372187,True
Why was my card payment declined?,declined_card_payment,declined_card_payment,0.995927802840334,True
I was trying to purchase something at the store today and my card has been declined.  Why has this happened?,declined_card_payment,declined_card_payment,0.8707104298704118,True
"My payment has been declined, I thought this issue was fixed!",declined_card_payment,declined_card_payment,0.6303062021245813,True
My card was declined in a shop,declined_card_payment,declined_card_payment,0.9968384677812544,True
Why did it decline my payment?,declined_card_payment,declined_card_payment,0.9655655137435613,True
My card declined,declined_card_payment,declined_card_payment,0.966262325591865,True
Can you look at my account ans see why my card was declined,declined_card_payment,declined_card_payment,0.7529573386851004,True
"I was out today looking forward to pay with my new card, turns out the payment just kept getting declined. This is really sad, what's going on?",declined_card_payment,declined_card_payment,0.9514929742058988,True
Why was a transaction on my card declined?,declined_card_payment,declined_card_payment,0.7453658789847045,True
My new card keeps getting declined. I was very excited to use it for the first time today. Why is this doing this?,declined_card_payment,declined_card_payment,0.44983992664796957,False
"My latest payment was declined, I was told everything was back to working order. What happened?",declined_card_payment,declined_card_payment,0.8148869838045775,True
I know I have enough funds in my account but my card payment hasn't worked for some reason. What do I do?,declined_card_payment,declined_card_payment,0.6526885249455002,True
Why doesn't the card payment work,declined_card_payment,declined_card_payment,0.6902252331208313,True
I'm really stuck. I don't know why but my card payment has not gone through.,declined_card_payment,pending_card_payment,0.42843482417752576,False
"I have a card payment that was declined, but why?",declined_card_payment,declined_card_payment,0.918539012550663,True
Do you know why my card payment did not work?,declined_card_payment,declined_card_payment,0.9767271321894397,True
Something is wrong with my payment account since it has been declined,declined_card_payment,declined_card_payment,0.5511529321699845,True
Why are you declining my payment? Everything was fine.,declined_card_payment,declined_card_payment,0.824146153478304,True
I don't know why my payment didn't work.,declined_card_payment,declined_card_payment,0.9200683791710128,True
My card payment did not work.,declined_card_payment,declined_card_payment,0.9672675115818338,True
Why is my debit card being declined when I have money?,declined_card_payment,declined_card_payment,0.39017407516435826,False
My card was not accepted.,declined_card_payment,declined_card_payment,0.8170581494562555,True
I have no idea why my card payment did not work.,declined_card_payment,declined_card_payment,0.9498012932375728,True
"My card payment didn't work, can you help?",declined_card_payment,declined_card_payment,0.5660670543147024,True
"My card was rejected at the store for some reason, can you look into this for me?",declined_card_payment,declined_card_payment,0.8284210577002714,True
Please explain why my card was declined?,declined_card_payment,declined_card_payment,0.9655004818482329,True
"Hello, I am facing the issue with my new card as payments are declining again and again. Please help me in this issue.",declined_card_payment,declined_card_payment,0.16264267911972138,False
Do you know why my card payment is declined?,declined_card_payment,declined_card_payment,0.9979862599103203,True
Why was my Payment declined,declined_card_payment,declined_card_payment,0.9586469471529048,True
They declined my card payment.,declined_card_payment,declined_card_payment,0.9790128385846019,True
Why has my card payment been declined?,declined_card_payment,declined_card_payment,0.996615179688369,True
"I finally got my new card and was very excited to use it today. However, my payment kept declining. What is happening?",declined_card_payment,declined_card_payment,0.5924473931956565,True
My card payment did not complete.,declined_card_payment,declined_card_payment,0.420239197909736,False
My card didn't work in one of the shops.,declined_card_payment,declined_card_payment,0.6209686885393926,True
Card payment declined?,declined_card_payment,declined_card_payment,0.9967890477426823,True
"I tried using my card and it kept getting declined, Why?",declined_card_payment,declined_card_payment,0.8375276331424308,True
How do you fix  my card payment?,declined_card_payment,reverted_card_payment?,0.30228651836439957,False
Why do you keep declining my payment? I tried several times already with this card and it's just not working,declined_card_payment,declined_card_payment,0.9446444791462246,True
"I did transfer, why is it pending",pending_transfer,pending_transfer,0.9324329215412911,True
How long for money transfer to show?,pending_transfer,pending_transfer,0.83402754220269,True
Why is my transfer not done yet?,pending_transfer,balance_not_updated_after_bank_transfer,0.38684702812233607,False
I have a pending transfer,pending_transfer,pending_transfer,0.9991760244585765,True
I am waiting for a pending money transfer to process.,pending_transfer,pending_transfer,0.9963746367696904,True
i transfered however its still pending,pending_transfer,pending_transfer,0.7760784277765616,True
I have a transfer that's pending and wanted to know how long it is going to take to process?,pending_transfer,pending_transfer,0.9507554241303718,True
So the transfer finally worked but now it's been pending for quite a long time. How long do you expect me to wait for it? It's quite urgent,pending_transfer,pending_transfer,0.9450488805631564,True
I had made a transfer but its still pending.,pending_transfer,pending_transfer,0.8457988858828204,True
I submitted my transfer but it has been pending for quite a while and I was wondering what takes so long? why hasn't it completed,pending_transfer,pending_transfer,0.7472627453704059,True
How can I speed up a transfer?  Mine is pending.,pending_transfer,pending_transfer,0.687447291515995,True
How long can an EU transfer take?,pending_transfer,pending_transfer,0.9500315216647041,True
My transfer is still coming up as pending.,pending_transfer,pending_transfer,0.8912022821124269,True
I'm trying to transfer money to another country. It's just pending and not sending. My account details are correct. Please help me.,pending_transfer,pending_transfer,0.8445687525862495,True
My transfer is still pending and I know the account numbers are correct.  Please help.,pending_transfer,pending_transfer,0.8155852262226971,True
"I transferred money yesterday, but it still isn't available?",pending_transfer,balance_not_updated_after_bank_transfer,0.6466504808982632,True
How long does a transfer stay pending?,pending_transfer,pending_transfer,0.9798472823203023,True
How long do transfer pend for?,pending_transfer,pending_transfer,0.601122359145703,True
Why hasn't my transfer gone through yet?,pending_transfer,failed_transfer,0.5719756411711392,True
When will the transfer go through?,pending_transfer,transfer_not_received_by_recipient,0.2858682948449281,False
Please explain why the transfers shows up as pending?,pending_transfer,pending_transfer,0.8284706591603143,True
"I double checked that I have the correct account details , they're right for sure. Transfer is still pending since forever. What should be done now?",pending_transfer,pending_transfer,0.9344681336386321,True
When will my transfer go through?,pending_transfer,failed_transfer,0.3239989089789338,False
What is the cause that the transfer shows as pending?,pending_transfer,pending_transfer,0.6237227472066887,True
When will the transfer be completed?,pending_transfer,transfer_not_received_by_recipient,0.6105701719415598,True
Pending transfer?,pending_transfer,pending_transfer,0.9712860435099556,True
"I would like to know why my payment is still pending, can you help?",pending_transfer,pending_card_payment,0.7681573668466888,True
Someone transferred money to me and it doesn't show,pending_transfer,balance_not_updated_after_bank_transfer,0.693936620053294,True
How long does a transfer take to be confirmed?,pending_transfer,pending_transfer,0.48501012983012326,True
I made a transfer 12 hours ago. Why is it still listed as pending?,pending_transfer,pending_transfer,0.5635129722539851,True
"Why does my transfer say ""pending""?",pending_transfer,pending_transfer,0.8922811359485437,True
How long can I expect a transfer to pend for?,pending_transfer,pending_transfer,0.3726627661419609,False
For how long will my transfer be pending?,pending_transfer,pending_transfer,0.9896339504447341,True
Transferring money in 2018 to another country shouldn't take this long. My transfer has been pending for too long. I verified my account details are correct.,pending_transfer,pending_transfer,0.6142935409106238,True
Why is a money transfer not showing?,pending_transfer,pending_transfer,0.6668690929197204,True
The transfer is coming up as pending the payment is due today. Will I be charged a fee?,pending_transfer,pending_card_payment,0.3104615746634532,False
I am still waiting for a money transfer to show,pending_transfer,pending_transfer,0.8555674528552721,True
My transfer hasn't gone through yet.,pending_transfer,pending_transfer,0.29425447167058816,False
I am confused as to why my transfer could still be pending.,pending_transfer,pending_transfer,0.7972830006359692,True
How long does it take for a money transfer to show?,pending_transfer,pending_transfer,0.8343682058917203,True
Can you remove my account please?,terminate_account,terminate_account,0.831196757066045,True
"i want to close an account but im not sure about setting up a new one in the future, what do you recommend",terminate_account,terminate_account,0.31863580425498794,False
My account needs to be deleted.,terminate_account,terminate_account,0.8222533618763597,True
I would like to delete my account please.,terminate_account,terminate_account,0.9928772179746189,True
What steps do I need to take to close my account?,terminate_account,terminate_account,0.9507291329047494,True
I'm tired of all the problems I've had. I want to quit this account!,terminate_account,terminate_account,0.21137235169556934,False
Please delete my account right now!,terminate_account,terminate_account,0.9784706496388683,True
I want to close my account,terminate_account,terminate_account,0.9990652968723371,True
"unhappy with you, how to delete account",terminate_account,terminate_account,0.916040385188986,True
I would like to delete my account.,terminate_account,terminate_account,0.9979589719969054,True
I am highly unsatisfied with this company and want to delete my account!,terminate_account,terminate_account,0.9924149008898175,True
I don't like your company. Delete my account.,terminate_account,terminate_account,0.9901820591620935,True
I would like to close my account.,terminate_account,terminate_account,0.9978281630194077,True
This company is terrible! Can you delete my account?,terminate_account,terminate_account,0.9398090662543842,True
"This company is bad, please delete my account.",terminate_account,terminate_account,0.9792576663208887,True
"please delete my account, your services are not up to par.",terminate_account,terminate_account,0.9754611805309258,True
I need your help in deleting my account.,terminate_account,terminate_account,0.7477052470022292,True
"The service of this company sucks, I need to terminate my account.",terminate_account,terminate_account,0.9701180814109146,True
Delete this account!,terminate_account,terminate_account,0.9811300751350941,True
How do I get rid of my account ASAP?,terminate_account,terminate_account,0.4359263773496572,False
"This company isn't good, I would like to delete my account.",terminate_account,terminate_account,0.9838260713902535,True
Can you delete my account please?,terminate_account,terminate_account,0.9857431093084886,True
I am not satisfied with your company and would like to delete my accounts!,terminate_account,terminate_account,0.9871456236049164,True
Please delete my account. I am not happy with the service from your company.,terminate_account,terminate_account,0.9901542566461158,True
Please terminate my account.,terminate_account,terminate_account,0.9882762897630539,True
I am sick of this damn company and want to close out my account.,terminate_account,terminate_account,0.9813916139000797,True
Please close my account. I am unsatisfied with your service.,terminate_account,terminate_account,0.9966696202036069,True
Please delete my account.,terminate_account,terminate_account,0.998032091566222,True
"Your service is terrible,.  Delete my account,",terminate_account,terminate_account,0.9746685423685212,True
I want my account deleted!,terminate_account,terminate_account,0.965247777904953,True
I am extremely unhappy with this app and want to get rid of my account?,terminate_account,terminate_account,0.4529657454011724,False
How do I delete my account?,terminate_account,terminate_account,0.996186847621757,True
This company sucks! Can you delete my account?,terminate_account,terminate_account,0.9753864007911491,True
I wish to close my account. I do not like the service you provide.,terminate_account,terminate_account,0.9790364277631933,True
Can you help me get rid of my account?,terminate_account,terminate_account,0.19795398364201372,False
"I don't find your services useful anymore, how do I delete my account?",terminate_account,terminate_account,0.9526595067810865,True
"Please delete my account, this company is not working for me!",terminate_account,terminate_account,0.8628484526800572,True
I want to delete my account. I'm unhappy with the service you're providing.,terminate_account,terminate_account,0.9780388687197329,True
Can you tell me how to close my account?,terminate_account,terminate_account,0.9692782540531439,True
This company sucks! Can you terminate my account?,terminate_account,terminate_account,0.9433887025598956,True
"What do I do if an ATM ""stole"" my card?",card_swallowed,card_swallowed,0.6214383227023269,True
How do I retrieve my card from the machine?,card_swallowed,card_not_working,0.22412680975990062,False
I was retrieving money and my card wouldn't remove.,card_swallowed,card_not_working,0.13003997769679712,False
What do I do since the machine swallowed my card. I need one.,card_swallowed,card_swallowed,0.678223510541801,True
HOw do I get my card back after the ATM has pulled it in?,card_swallowed,card_swallowed,0.9731390857478439,True
Atm took my card,card_swallowed,card_swallowed,0.9391738712901698,True
Is there a way I can get my ATM card back from the machine?,card_swallowed,card_swallowed,0.8122667563936927,True
I think the atm ate my card.,card_swallowed,card_swallowed,0.9031176882253623,True
The ATM didn't give me the card back!,card_swallowed,card_swallowed,0.9127294401142468,True
How can I get my card out of the damn ATM?,card_swallowed,card_swallowed,0.8782753211554305,True
The atm won't give my card back!,card_swallowed,card_swallowed,0.9477657905645253,True
How can I get my card back out?,card_swallowed,card_swallowed,0.7711539774624526,True
The ATM machine stole my card.,card_swallowed,card_swallowed,0.9286531389770448,True
The ATM at Metro bank on High St. Kensington swallowed my card. How do I get it back?,card_swallowed,card_swallowed,0.9612321804310763,True
My ATM got stuck and I'm not sure what to do.,card_swallowed,card_swallowed,0.4583263672229589,False
The ATM ate my card.,card_swallowed,card_swallowed,0.9721326386464222,True
The ATM won't give me my card back.,card_swallowed,card_swallowed,0.9082933747019857,True
My card was confiscated by an ATM. How do I get my card back?,card_swallowed,card_swallowed,0.9670489838980694,True
What do I do if the ATM ate my card?,card_swallowed,card_swallowed,0.9708643772570499,True
ATM still has my card,card_swallowed,card_swallowed,0.455145967334924,False
What do I do if an ATM ate my card?,card_swallowed,card_swallowed,0.9218767540483239,True
What happens if the ATM doesn't give me back my card?,card_swallowed,card_swallowed,0.6964091202592375,True
I can't pull my card out of the ATM. Help me.,card_swallowed,card_swallowed,0.7668102833278566,True
I have a problem!  The ATM stole my card!,card_swallowed,card_swallowed,0.3986184709331615,False
Why would an ATM swallow my card?,card_swallowed,card_swallowed,0.6830512129262997,True
My card was taken by the ATM.,card_swallowed,card_swallowed,0.7780337280771038,True
Help!  The atm won't give me my card back.,card_swallowed,card_swallowed,0.8715871216204867,True
The stupid machine just swallowed my card!! I need a new one ASAP,card_swallowed,card_swallowed,0.46011479668432714,False
How do I retrieve a trapped card from a ATM?,card_swallowed,atm_support,0.17881694068819334,False
"My card is stuck in the ATM, what can I do?",card_swallowed,card_swallowed,0.9405123194147278,True
I was getting cash and can't get my card back.,card_swallowed,card_swallowed,0.6799803580911975,True
"If my card is trapped in the ATM, what do I do?",card_swallowed,card_swallowed,0.877502022301115,True
My card has been swallowed by an ATM,card_swallowed,card_swallowed,0.9037660175065817,True
I was taking out funds and was unable to regain my card.,card_swallowed,card_not_working,0.25887129828520034,False
What should I do with my atm that got stuck?,card_swallowed,card_swallowed,0.46365771293376157,False
The ATM at Metro bank on High St. Kensington didn't return my card. What should I do now that the bank is closed?,card_swallowed,card_swallowed,0.5201428346465212,True
The ATM won't give back my card,card_swallowed,card_swallowed,0.9157629134160287,True
I was at an ATM and it swallowed my card.,card_swallowed,card_swallowed,0.8661587665628383,True
WTF??? I tried to withdraw some money at a Metro bank on High St. Kensington and without any notice it disappeared in the machine. The bank was already closed so I couldn't do anything. How do I get it back?,card_swallowed,declined_cash_withdrawal,0.17557328339693937,False
What happens if my card is stuck in the ATM?,card_swallowed,card_swallowed,0.8227314468399246,True
I got double charged for a payment so how do I fix that?,transaction_charged_twice,transaction_charged_twice,0.9730695780690247,True
"I've just come back from an eating holiday in the USA and Canada and have SO many pending and duplicated transactions on my account.  I think there is something wrong, can you look in to it please?",transaction_charged_twice,transaction_charged_twice,0.5037582365775629,True
Why am I being charged twice fro a restaurant?,transaction_charged_twice,transaction_charged_twice,0.990712533587664,True
I would like to know why I was charged twice for my purchase.,transaction_charged_twice,transaction_charged_twice,0.841553709900619,True
I didn't buy this twice,transaction_charged_twice,transaction_charged_twice,0.7986844903511259,True
Why was I chaged twice for the same thing?,transaction_charged_twice,transaction_charged_twice,0.9928313165733484,True
Why is there more then one charge on my card I only paid for one not twice how can I fix this?,transaction_charged_twice,transaction_charged_twice,0.9882003653024357,True
I have a duplicate payment showing up on the app. How do I stop myself being charged for the thing twice?,transaction_charged_twice,transaction_charged_twice,0.99694062468927,True
Why would I be charged more than once for the same transaction?,transaction_charged_twice,transaction_charged_twice,0.98199355068043,True
I was wondering how I could have two charges for the same item happen more than once in a 7 day period. Is there anyway I could get this corrected asap.,transaction_charged_twice,transaction_charged_twice,0.7715583612630813,True
Can you please check if I was charged twice?,transaction_charged_twice,transaction_charged_twice,0.9748025071477253,True
I have been charged twice,transaction_charged_twice,transaction_charged_twice,0.9985904483985001,True
It appears that I am being double charged for some items that I have purchased this past week.  Please review and correct.,transaction_charged_twice,transaction_charged_twice,0.8708054091357798,True
It looks like this week I was double charged for a couple things. Is there any way that you can look into this for me and return the double charged items back to my card?,transaction_charged_twice,transaction_charged_twice,0.8282999602821385,True
I noticed after looking over my transactions that I have been charged twice from an earlier restaurant visit this week. Is it possible that one of these can be removed so I get the money back for the one that is not accurate?,transaction_charged_twice,transaction_charged_twice,0.9528477971475663,True
I think something may have happened that caused a charge to show up twice.,transaction_charged_twice,transaction_charged_twice,0.8206841297808345,True
Why is there a transaction that shows multiple times?,transaction_charged_twice,transaction_charged_twice,0.9243685671138474,True
I see what looks like duplicate charges on account.,transaction_charged_twice,transaction_charged_twice,0.9558686644741269,True
Why was I charged multiple times for the same thing?,transaction_charged_twice,transaction_charged_twice,0.9878745581591014,True
I had a duplicate card and got charged twice. How do I resolve this?,transaction_charged_twice,transaction_charged_twice,0.997640053826136,True
Hello. I checked my transactions and saw I was double charged on my card for a restaurant visit. I would like to get my money back.,transaction_charged_twice,transaction_charged_twice,0.9555198392864876,True
Why am I being charged twice?,transaction_charged_twice,transaction_charged_twice,0.9898469984983511,True
Transactions on my card look really weird. I've been charged twice for a couple things this week! Please check this and return the double charged ones.,transaction_charged_twice,transaction_charged_twice,0.9939796978037445,True
Please check payments on my card. There is a duplicate and I only bought it once.,transaction_charged_twice,transaction_charged_twice,0.9307408820766283,True
"More than one time this week, I have been charged more than once for the same transaction. Please correct the issue and refund the duplicate charges.",transaction_charged_twice,transaction_charged_twice,0.9987999437414498,True
A transaction is repeated several times on my account.,transaction_charged_twice,transaction_charged_twice,0.9402801865972579,True
I've been charged more than once for the same transaction,transaction_charged_twice,transaction_charged_twice,0.9919515451599804,True
My card has been charged two separate times for a single transaction.,transaction_charged_twice,transaction_charged_twice,0.8667372898903964,True
Can you explain why there is a payment showing twice?,transaction_charged_twice,transaction_charged_twice,0.9389824923941048,True
Why have I been charged twice for the same transaction?,transaction_charged_twice,transaction_charged_twice,0.999357270717956,True
I see that I have been charged multiple times for the same transaction.,transaction_charged_twice,transaction_charged_twice,0.9946199270319283,True
I was double charged,transaction_charged_twice,transaction_charged_twice,0.9947582432683936,True
I have multiple charges on the same transaction.,transaction_charged_twice,transaction_charged_twice,0.9904775926944159,True
"Looks like my card payment was duplicated. I went to pay at the store earlier, got declined once,second time it works. App still stays pending for one of the payments. Can you please remove one of them as it's wrong and clearly was declined?",transaction_charged_twice,transaction_charged_twice,0.9595821598748081,True
I have a transaction that shows several times,transaction_charged_twice,transaction_charged_twice,0.8871281022252608,True
I recently got charged twice from a restaurant that I was at this week and I would like for one of those payments to be removed from my account.,transaction_charged_twice,transaction_charged_twice,0.9788791060825256,True
There is more than one of the same transaction on my account.,transaction_charged_twice,transaction_charged_twice,0.972399233077571,True
I have a duplicate payment showing,transaction_charged_twice,transaction_charged_twice,0.9838368921871617,True
I made a payment that got charged twice instead of once.,transaction_charged_twice,transaction_charged_twice,0.9925598042578253,True
What are my remedies if I think I was charged twice for the same expense?,transaction_charged_twice,transaction_charged_twice,0.9835979714838152,True
Can I verify the source of my funds?,verify_source_of_funds,verify_source_of_funds,0.9984252895038583,True
I want information about the source of funds.,verify_source_of_funds,verify_source_of_funds,0.9752652307805617,True
Where are my funds being sourced from?,verify_source_of_funds,verify_source_of_funds,0.9993452932740322,True
I would like to verify the source of my money,verify_source_of_funds,verify_source_of_funds,0.9761068187251681,True
where to funds come from,verify_source_of_funds,verify_source_of_funds,0.9905470819355205,True
What is the source of my funds.,verify_source_of_funds,verify_source_of_funds,0.9980856729686144,True
I need to verify my source of funds,verify_source_of_funds,verify_source_of_funds,0.998409167558373,True
I would like to see the source of my money.,verify_source_of_funds,verify_source_of_funds,0.965577951566803,True
Why do you need all this information about my Source of Funds?,verify_source_of_funds,verify_source_of_funds,0.8460656468166055,True
How can I check the source of funds?,verify_source_of_funds,verify_source_of_funds,0.9900003082834429,True
How can I tell where my funds came from?,verify_source_of_funds,verify_source_of_funds,0.9983696042457602,True
What is the source of my available funds?,verify_source_of_funds,verify_source_of_funds,0.9923107344062537,True
Can I find the origination of my funds?,verify_source_of_funds,verify_source_of_funds,0.9596598535982898,True
My source of funds need verified.,verify_source_of_funds,verify_source_of_funds,0.9958355469016821,True
What information do you need to verify my Source of Funds?,verify_source_of_funds,verify_source_of_funds,0.9784149851989549,True
I need the source of my funds verified. How do I do this?,verify_source_of_funds,verify_source_of_funds,0.985803371853279,True
I need my funds verified.,verify_source_of_funds,verify_source_of_funds,0.8101866484827166,True
Help me check where the funds came from.,verify_source_of_funds,verify_source_of_funds,0.9540562404330327,True
I want to know where the funds come from.,verify_source_of_funds,verify_source_of_funds,0.9846289184876137,True
What is the source of my money?,verify_source_of_funds,verify_source_of_funds,0.9895847876228746,True
Where can I find the source of my available money?,verify_source_of_funds,verify_source_of_funds,0.9955684858847074,True
How can I lookup where funds came from?,verify_source_of_funds,verify_source_of_funds,0.9875216752955499,True
Can I see that history on my funds and where they came from?,verify_source_of_funds,verify_source_of_funds,0.9408083068504264,True
I have to verify the source of my funds,verify_source_of_funds,verify_source_of_funds,0.997663681375381,True
How can I view the source of my available funds?,verify_source_of_funds,verify_source_of_funds,0.9816899393811395,True
Why does my money come from?,verify_source_of_funds,verify_source_of_funds,0.7093162760311988,True
I need to validate the source of my funds.,verify_source_of_funds,verify_source_of_funds,0.9887464123159547,True
Where are my funds coming from? I need to know.,verify_source_of_funds,verify_source_of_funds,0.9886968623544921,True
Where has my available money come from?,verify_source_of_funds,verify_source_of_funds,0.9538370502175961,True
Why do you need to know where my money is coming from?,verify_source_of_funds,verify_source_of_funds,0.8725077410210429,True
How can I see where my money comes from?,verify_source_of_funds,verify_source_of_funds,0.9913411759002579,True
How can I check the source for my funds?,verify_source_of_funds,verify_source_of_funds,0.9878027584025654,True
Where can I see the source of my money?,verify_source_of_funds,verify_source_of_funds,0.998257941570169,True
"what is source of my funds, need to verify",verify_source_of_funds,verify_source_of_funds,0.9966495367870661,True
Where do my funds come from?,verify_source_of_funds,verify_source_of_funds,0.9985115470905416,True
How can I check the source of my fund?,verify_source_of_funds,verify_source_of_funds,0.9576084697406504,True
How can I see my source of funds?,verify_source_of_funds,verify_source_of_funds,0.9978599627517204,True
How do I become aware of where my funds come from?,verify_source_of_funds,verify_source_of_funds,0.9850016885169122,True
Where does all this money come from though?,verify_source_of_funds,verify_source_of_funds,0.46379581786418217,False
What do I need to do to verify the source of my funds?,verify_source_of_funds,verify_source_of_funds,0.9972272134752012,True
What is the number of days I have to wait for my Europe transfer?,transfer_timing,transfer_timing,0.9215499556939337,True
What is the wait time for a transfer from the US?,transfer_timing,transfer_timing,0.9764284185493662,True
I need a fast transfer from China?  How fast will it be?,transfer_timing,transfer_timing,0.9216069661734967,True
how soon will I see the transfer in my account?,transfer_timing,transfer_timing,0.9227871606642652,True
How many days does it take until funds are in my account?,transfer_timing,transfer_timing,0.9564049443970722,True
How long until my transfer goes through?,transfer_timing,pending_transfer,0.44917597604916787,False
Do transfers from Europe take longer?,transfer_timing,transfer_timing,0.9557795846160528,True
What is the fastest that I can make a transfer?,transfer_timing,failed_transfer,0.3682358449920259,False
how long dies it take for transfers to reflect on my balance,transfer_timing,balance_not_updated_after_bank_transfer,0.989485394788442,True
"If I started the Bank transfer from Europe, how long will the process take to complete?",transfer_timing,transfer_timing,0.959735001917667,True
How long until the money is in my account?,transfer_timing,transfer_timing,0.9617774011379698,True
When will a transfer reach my account?,transfer_timing,transfer_timing,0.7946841141926294,True
When should I expect to see my transfer hit my account?,transfer_timing,balance_not_updated_after_bank_transfer,0.43200324176053206,False
Will my transfer immediately show up in my account?,transfer_timing,transfer_timing,0.6932597071035699,True
"If I need to do a quick transfer from China, how long should I expect the transfer to take?",transfer_timing,transfer_timing,0.9635938768970946,True
When does the money get transferred to my account,transfer_timing,balance_not_updated_after_bank_transfer,0.703685230477193,True
How long do i have to wait for a transfer to reach my account?,transfer_timing,transfer_timing,0.7484304817369528,True
How long does it take for funds to come through the US to my account?,transfer_timing,pending_top_up,0.2821455395278409,False
How long is my Europe transfer wait?,transfer_timing,transfer_timing,0.9907168808067752,True
How many days does a transfer from the US take?,transfer_timing,transfer_timing,0.9981338757220408,True
How long do I have to wait for a transfer from the US?,transfer_timing,transfer_timing,0.9302413566984636,True
How long is the wait for a US transfer?,transfer_timing,transfer_timing,0.8652311794747872,True
How many days until the money will be in my account?,transfer_timing,transfer_timing,0.9923988982374534,True
How long does it take for a transfer?,transfer_timing,transfer_timing,0.5134001656586581,True
What is the time frame for a transfer from the US?,transfer_timing,transfer_timing,0.9914099963415346,True
when will i receive a US transfer,transfer_timing,transfer_timing,0.6301426389602798,True
Approximately how long will an urgent transfer from China take?,transfer_timing,transfer_timing,0.9717567644352509,True
"I initiated a Bank transfer form Europe, how long will this take?",transfer_timing,transfer_timing,0.7578250160659127,True
How long does it take to process transfers from Europe?,transfer_timing,transfer_timing,0.9877153173563151,True
How long does a funds transfer take from one back to another?,transfer_timing,pending_transfer,0.4549330391504414,False
What would the approximate delivery date be if I transferred something urgently to China?,transfer_timing,transfer_timing,0.2266780981829872,False
I have to transfer something to China as fast as I can. How long will it take to arrive in China?,transfer_timing,transfer_timing,0.8686998500171228,True
How long to I have to wait for a transfer to reach my account?,transfer_timing,transfer_timing,0.7995155919021038,True
How long is it going to take for my funds to show in my account?,transfer_timing,transfer_timing,0.13452982478574374,False
"How long does a transfer take from the point it's sent, to the point it arrives in my account?",transfer_timing,transfer_timing,0.7468385719099213,True
How long will it take for the transfer to reach my account?,transfer_timing,transfer_timing,0.8957358101434496,True
If my transfer is from Europe how long will it take?,transfer_timing,transfer_timing,0.9963229646657743,True
There is an important thing from China that I need to transfer. Approximately how long will this take?,transfer_timing,transfer_timing,0.6729283027719678,True
How long does a transfer take from china?,transfer_timing,transfer_timing,0.967217042702681,True
When will money be available in my account?,transfer_timing,transfer_timing,0.75733481199641,True
I think my card payment has been stopped,reverted_card_payment?,reverted_card_payment?,0.9385343185082439,True
My card payment was reverted.  Why?,reverted_card_payment?,reverted_card_payment?,0.9920351312963887,True
the app reverted my payment,reverted_card_payment?,reverted_card_payment?,0.9950872325656495,True
My card payment was cancelled.,reverted_card_payment?,reverted_card_payment?,0.9941454136378763,True
Why was my payment cancelled?,reverted_card_payment?,reverted_card_payment?,0.9904058420600174,True
I made a payment but the app reverted the payment.,reverted_card_payment?,reverted_card_payment?,0.9875912223073683,True
My payment was reverted by the app,reverted_card_payment?,reverted_card_payment?,0.9982285076104598,True
"Hello, My money went through for my purchase but now I got contacted from the seller noting that they didn't receive it. Then the money was returned to my account and I'm not sure why this occurred. So if you can resolve this issue please.",reverted_card_payment?,reverted_card_payment?,0.7729512420625521,True
Please explain to me the circumstances in which my card payment would be reverted?,reverted_card_payment?,reverted_card_payment?,0.8350584367304464,True
Why has my card payment been cancelled?,reverted_card_payment?,reverted_card_payment?,0.9907329627992675,True
What do I do if it says my card payment has been cancelled?,reverted_card_payment?,reverted_card_payment?,0.9658328289997177,True
I'm not sure why my account has been refunded a payment for an item I've already received about 2 weeks ago. Can you please tell me what is going on?,reverted_card_payment?,reverted_card_payment?,0.9470401079179794,True
My card is being declined for a purchase. I bought items before and the card worked. Do you know what the problem is?,reverted_card_payment?,card_not_working,0.23615345683052164,False
Can you tell my why my card payment has been reverted.,reverted_card_payment?,reverted_card_payment?,0.9956331669139499,True
why did the app refuse to make an approved payment,reverted_card_payment?,card_payment_not_recognised,0.37554397726614325,False
Do you know why my card payment was reverted?,reverted_card_payment?,reverted_card_payment?,0.9434967079746884,True
My credit card cancelled a payment for a purchase.,reverted_card_payment?,reverted_card_payment?,0.7668909826802125,True
Why was my payment reversed?,reverted_card_payment?,reverted_card_payment?,0.9739662914346716,True
I have a payment listed as cancelled.,reverted_card_payment?,reverted_card_payment?,0.6625069425760237,True
I think my card payment had been return,reverted_card_payment?,reverted_card_payment?,0.83353502084686,True
I was contacted by a seller with a message that they never received my money. I am 100% sure it was taken from my account so I definitely need this sorted out soon.,reverted_card_payment?,reverted_card_payment?,0.6373528479725764,True
what happens to the funds if a merchant refuses the payment,reverted_card_payment?,reverted_card_payment?,0.8031432985563225,True
"I am attempting to make a purchase online, but my card is not working.  I know there are funds available, is this an issue on the banks end?",reverted_card_payment?,reverted_card_payment?,0.09513496368602777,False
Why was my card payment cancelled?,reverted_card_payment?,reverted_card_payment?,0.9923165891306358,True
Why has my card payment been reverted?,reverted_card_payment?,reverted_card_payment?,0.9949062085497511,True
"There must be an issue, why has my card been cancelled?",reverted_card_payment?,reverted_card_payment?,0.6543166452313318,True
I bought something and the money appeared back into my account? Why?,reverted_card_payment?,reverted_card_payment?,0.7269374921919204,True
My account shows the card payment cancelled.,reverted_card_payment?,reverted_card_payment?,0.978800564254532,True
"I'm not sure why my card payment was cancelled, can you find out why?",reverted_card_payment?,reverted_card_payment?,0.8852540781660388,True
What is the reason that my card payment was cancelled?,reverted_card_payment?,reverted_card_payment?,0.936971035836476,True
"Hi, I would like to file a claim for an inquiry. I am a frequent customer of the company in question and have never had any issue with my purchases, payments, or otherwise. However, the price deducted for an item I purchased a couple of weeks ago has been returned to my checking account. Was there an issue with my payment? The item has already been delivered to me.",reverted_card_payment?,reverted_card_payment?,0.9278347538538788,True
Why was my card payment reverted?,reverted_card_payment?,reverted_card_payment?,0.9971874939462977,True
Why does the app revert a payment?,reverted_card_payment?,reverted_card_payment?,0.8425279957246292,True
I did a payment but the app reverted it,reverted_card_payment?,reverted_card_payment?,0.9844621606440592,True
What happens if a merchant doesn't accept a payment?,reverted_card_payment?,reverted_card_payment?,0.8791940105364314,True
There was a canceled payment for my card.,reverted_card_payment?,reverted_card_payment?,0.4503958596205634,False
My transaction to pay for an item was returned to my account.,reverted_card_payment?,reverted_card_payment?,0.23919258260365853,False
Someone stopped my payment,reverted_card_payment?,reverted_card_payment?,0.5727935032020067,True
"If my card payment is cancelled, what should I do?",reverted_card_payment?,reverted_card_payment?,0.8092916631102265,True
Why has payment been returned?,reverted_card_payment?,reverted_card_payment?,0.9730474034755906,True
What kind of cash machines would allow me to change my PIN?,change_pin,change_pin,0.9540062570050071,True
Where do I change my PIN?,change_pin,change_pin,0.9959614767807151,True
Is the bank the only place I can change my PIN>,change_pin,change_pin,0.9709130074988658,True
"If I am overseas, how do I change my pin?",change_pin,change_pin,0.9782103425745494,True
Can i change my PIN at the ATM?,change_pin,change_pin,0.9977711318351249,True
How might  I change my PIN?,change_pin,change_pin,0.9950622961931075,True
I would like to change my PIN but I am not currently in the country.,change_pin,change_pin,0.8899845817157461,True
I would like to change my card PIN.,change_pin,change_pin,0.9796729382908488,True
I want to set a new PIN,change_pin,change_pin,0.9545793652285399,True
"I desperately need to change my PIN, but I'm overseas on vacation right now. How can I do this?",change_pin,change_pin,0.9101631407442091,True
I need a new Pin how do I go about that?,change_pin,change_pin,0.2875148258153566,False
Is there a location near me that i can change my PIN?,change_pin,change_pin,0.9749952019753788,True
In what ATM can I change my pin?,change_pin,change_pin,0.9979046931274856,True
I'd like to make a new PIN selection.,change_pin,change_pin,0.7487576718087183,True
How do I set a new pin?,change_pin,change_pin,0.7425881544148661,True
How do I update my PIN to a new number?,change_pin,change_pin,0.7033507561335275,True
How can I change my Tholepin ?,change_pin,change_pin,0.8674254021467909,True
My new pin needs to be set.,change_pin,change_pin,0.5206739537256406,True
I want to choose a different PIN.,change_pin,visa_or_mastercard,0.46786317816518713,False
I would like to change my pin.,change_pin,change_pin,0.9968035820011046,True
Am I able to change my PIN at any cash machines?,change_pin,change_pin,0.9889272675468184,True
I am travelling for two more weeks but really need to change my PIN asap. What do I do?,change_pin,change_pin,0.8982475718169887,True
I need to change my PIN. Can I do that at a cash machine?,change_pin,change_pin,0.9931384246781173,True
Do cash machines let me change my pin?,change_pin,change_pin,0.9815538634823304,True
How do I change my PIN?,change_pin,change_pin,0.9978109508908931,True
I need to change my PIN.,change_pin,change_pin,0.9988782912633268,True
May I receive a different card pin,change_pin,get_physical_card,0.8782842392256456,True
What do I need to do to change my PIN?,change_pin,change_pin,0.9925757488138095,True
Help me set up a new PIN?,change_pin,change_pin,0.9189106706481094,True
Which cash machines will allow me to change my PIN?,change_pin,change_pin,0.9851800470617467,True
"I am in Austria right now. I need to change my PIN ASAP, so can I still do this from here?",change_pin,change_pin,0.9232626294026041,True
Where can I find instructions to change my PIN?,change_pin,change_pin,0.9420386306528244,True
I need to change my pin but I am on the road.,change_pin,change_pin,0.9789281665676531,True
How do I update the PIN on my account?,change_pin,get_physical_card,0.3842753167172813,False
I need a new PIN.,change_pin,change_pin,0.850227407565348,True
Show me how to change my pin?,change_pin,change_pin,0.9954716044169928,True
Please tell me which cash machines will allow me to change my pin.,change_pin,change_pin,0.9743974330109483,True
What steps do I need to take to change my card PIN?,change_pin,change_pin,0.880078273729065,True
How to change the PIN on my card?,change_pin,change_pin,0.9583654860062697,True
How can I change the PIN?  Do I have to go to a real bank?,change_pin,change_pin,0.9399165419220183,True
I've tried numerous times to submit a transfer of funds. Why isn't it going through?,beneficiary_not_allowed,beneficiary_not_allowed,0.4368125908202097,False
I've transferred money before without issue but now I am encountering an error stating that it isn't possible. Why is that?,beneficiary_not_allowed,beneficiary_not_allowed,0.6768612538971246,True
I am not able to do a transfer to an account,beneficiary_not_allowed,beneficiary_not_allowed,0.9030102143126346,True
I was unable to make a transfer to another account.,beneficiary_not_allowed,beneficiary_not_allowed,0.7446352062041547,True
I had a transfer blocked,beneficiary_not_allowed,pin_blocked,0.33586091209917146,False
Can you please help me with this exchange?  I am trying to get crypto and the app won't let me.,beneficiary_not_allowed,beneficiary_not_allowed,0.6865608913497027,True
How do I do a successful transfer to an account?,beneficiary_not_allowed,beneficiary_not_allowed,0.5020721926460685,True
Why did I get a message saying that my transfer is not possible?  I have done this before no problem.  Please fix.,beneficiary_not_allowed,beneficiary_not_allowed,0.9194893953019058,True
"Hey I want to buy some crypto but the app doesn't allow me to! What's the issue, I really want to exchange this",beneficiary_not_allowed,beneficiary_not_allowed,0.792205688157279,True
I tried to transfer money but it said it wasn't possible? I've done this before and it worked why isn't it working now?,beneficiary_not_allowed,beneficiary_not_allowed,0.39620104813953344,False
Why can't I transfer to a beneficiary?,beneficiary_not_allowed,beneficiary_not_allowed,0.9998269000791753,True
I am having problems transferring to a beneficiary.,beneficiary_not_allowed,beneficiary_not_allowed,0.996246179112964,True
What's the deal with no cryptocurrency on your app?,beneficiary_not_allowed,exchange_via_app,0.24247910017464422,False
Why isn't my transfer not going through? I keep getting an error message.,beneficiary_not_allowed,beneficiary_not_allowed,0.9204642207530709,True
What are the rules for transferring to a beneficiary?,beneficiary_not_allowed,beneficiary_not_allowed,0.984219056384203,True
Can I transfer money to a beneficiery?,beneficiary_not_allowed,beneficiary_not_allowed,0.8959214942037546,True
I have tried transferring money numerous times.  All I keep getting is an error message.  Can you tell me what is going on and how this van be fixed?,beneficiary_not_allowed,beneficiary_not_allowed,0.7853064958093177,True
I have a cryptocurrency exchange that won't go through. Please help me process it.,beneficiary_not_allowed,beneficiary_not_allowed,0.27247165604069634,False
Why wasn't I able to transfer to another account?,beneficiary_not_allowed,beneficiary_not_allowed,0.929513930749434,True
The money would not transfer to a beneficiary.,beneficiary_not_allowed,beneficiary_not_allowed,0.995094760875971,True
How come I'm not allowed to transfer funds right now? I just keep getting an error message.,beneficiary_not_allowed,beneficiary_not_allowed,0.9650448650852196,True
I couldn't do a transfer to an account,beneficiary_not_allowed,beneficiary_not_allowed,0.9640464052794391,True
A transfer to an account was not allowed,beneficiary_not_allowed,beneficiary_not_allowed,0.9929202146691056,True
Why did I receive an error message saying that my transfer was not possible?,beneficiary_not_allowed,beneficiary_not_allowed,0.9935958489224084,True
Explain why I can't do a transfer to a beneficiary.,beneficiary_not_allowed,beneficiary_not_allowed,0.9988600282915231,True
My transfer to beneficiary didn't go through,beneficiary_not_allowed,beneficiary_not_allowed,0.9972606095336017,True
Why isn't my transfer going through? I get a message saying it's not possible. I've had no issues in the past.,beneficiary_not_allowed,beneficiary_not_allowed,0.8633208480483539,True
I couldn't make a transfer to a beneficiary!,beneficiary_not_allowed,beneficiary_not_allowed,0.9961250464473155,True
"My beneficiary has been denied, is this normal?",beneficiary_not_allowed,beneficiary_not_allowed,0.9277306426209194,True
I am trying to exchange crypto and it's not working. Tell me how to fix this.,beneficiary_not_allowed,beneficiary_not_allowed,0.6339571358384267,True
The account transfer I was trying to do failed.,beneficiary_not_allowed,beneficiary_not_allowed,0.4968631921787083,True
"My beneficiary is not allowed, please may I have answer as to why this is?",beneficiary_not_allowed,beneficiary_not_allowed,0.9797677717927515,True
Why couldn't I do a transfer to a beneficiary?,beneficiary_not_allowed,beneficiary_not_allowed,0.9996542100041367,True
Why would i not be able to do a transfer to a beneficiary?,beneficiary_not_allowed,beneficiary_not_allowed,0.998459823081751,True
I want to transfer money to a beneficiery. Why can't I?,beneficiary_not_allowed,beneficiary_not_allowed,0.983352754361501,True
Can you help with a transfer to an account,beneficiary_not_allowed,beneficiary_not_allowed,0.3956821198526013,False
why isnt my account allowing transfers,beneficiary_not_allowed,beneficiary_not_allowed,0.4340285364694813,False
"I want to buy cryptocurrency, but your app doesn't let me. Why?",beneficiary_not_allowed,beneficiary_not_allowed,0.44148097490193977,False
i tried to make a transfer to a beneficiary and it didn't go through,beneficiary_not_allowed,beneficiary_not_allowed,0.9524247067553091,True
Why was a transfer to an account not allowed?,beneficiary_not_allowed,beneficiary_not_allowed,0.9961190520576771,True
"When I made a transfer, there was a fee.  Why?",transfer_fee_charged,transfer_fee_charged,0.9279454430987746,True
I was charged a fee for my transfer.,transfer_fee_charged,transfer_fee_charged,0.9916187565696823,True
Is there a reason I was charged a fee to transfer?,transfer_fee_charged,transfer_fee_charged,0.8171152621972515,True
Why was a charged just for transferring?,transfer_fee_charged,transfer_fee_charged,0.9922388359853618,True
I had to pay in order to do a transfer,transfer_fee_charged,transfer_fee_charged,0.3522899911899129,False
What is the transfer fee charge?,transfer_fee_charged,transfer_fee_charged,0.8466856294302211,True
Why was I charged extra for transferring money?,transfer_fee_charged,transfer_fee_charged,0.9937454690501292,True
im not paying this transfer fee,transfer_fee_charged,transfer_fee_charged,0.8493691461560217,True
I am being charged a transfer fee aren't they free?,transfer_fee_charged,transfer_fee_charged,0.9583080504062593,True
What is the maximum I can transfer before I incur fees?,transfer_fee_charged,top_up_limits,0.1468833469533191,False
I got 2 transfer fees and I thought transfers were free.,transfer_fee_charged,transfer_fee_charged,0.9514275686256357,True
Why am I being charged a fee for transferring money?,transfer_fee_charged,transfer_fee_charged,0.9912480219501596,True
Do charge fees for transfers?,transfer_fee_charged,transfer_fee_charged,0.7767771264410838,True
"I recently got a new place while I'm staying abroad and have been using this account to manage payments, but suddenly I am seeing fees increase. Where are these additional fees coming from?",transfer_fee_charged,transfer_fee_charged,0.41310643995923696,False
"Hi,  Please help me, as i have transferred some amount but receiver did not get the same amount. He received a bit less. Due to this again i need to transfer the difference.   I have transferred money but beneficiary's account is credited with less amount. Now i have transfer the difference of the amount. I think there is some issue, could you please look into this.",transfer_fee_charged,transfer_fee_charged,0.9365269592646861,True
"Why did I get charged for something I bought online? Even though it was international, I thought it would be covered.",transfer_fee_charged,transfer_fee_charged,0.14987948756415367,False
Why were there additional charges when transferring?,transfer_fee_charged,transfer_fee_charged,0.9699767180909532,True
I was charged more when I transferred!,transfer_fee_charged,transfer_fee_charged,0.764761643781136,True
Is there a transfer fee?,transfer_fee_charged,transfer_fee_charged,0.845288920644663,True
I'm not sure why I was charged an extra fee for transferring funds.,transfer_fee_charged,transfer_fee_charged,0.9877972683678917,True
"I thought transfers were free, why was I charged a fee?",transfer_fee_charged,transfer_fee_charged,0.9796490042171849,True
"My receipt shows an extra charge on my transfer, why is this?",transfer_fee_charged,transfer_fee_charged,0.5686733920949433,True
"I was charged a fee when making this transfer, and I don't think I should have been!",transfer_fee_charged,transfer_fee_charged,0.7753471888520148,True
"I sent out money, but was charged extra for transferring. Why?",transfer_fee_charged,transfer_fee_charged,0.9633533517329669,True
Why am I seeing a transfer fee?,transfer_fee_charged,transfer_fee_charged,0.9720950390954718,True
There was an extra charge when I made a transfer.,transfer_fee_charged,transfer_fee_charged,0.9257676703303813,True
I need someone to alert me as to what's going on. I had transferred an amount but the receiver is saying that the amount is somewhat less than what I sent over. I now have to make another transfer to make up the difference.,transfer_fee_charged,transfer_fee_charged,0.8913738733741678,True
"I was charge a fee for my transfer, why?",transfer_fee_charged,transfer_fee_charged,0.9981090490413546,True
Why was there a fee for my transfer?,transfer_fee_charged,transfer_fee_charged,0.9937672324035709,True
Why was my transfer charged fees?,transfer_fee_charged,transfer_fee_charged,0.9212227614051729,True
Is there supposed to be a fee for the transfer I made?,transfer_fee_charged,transfer_fee_charged,0.9205251116524671,True
In the past month I often used this account to manage payments for my new holiday villa. Now all of a sudden your fees have increased exorbitantly! Don't you have a rewards programme for frequent users?,transfer_fee_charged,transfer_fee_charged,0.39031731864038066,False
Why was I charged a fee for a transfer?,transfer_fee_charged,transfer_fee_charged,0.9888547126738911,True
What extra charges are there?,transfer_fee_charged,extra_charge_on_statement,0.2090802796015382,False
I know that I am able to make transfers for free.  That was something that I valued.  After I bought something online from abroad I noticed that I got charged a fee?  What is this and can it be removed?,transfer_fee_charged,transfer_fee_charged,0.921721617380943,True
I transferred money and was charged and want to know why.,transfer_fee_charged,transfer_fee_charged,0.8232465643499587,True
I was charged for something I didn't expect,transfer_fee_charged,transfer_fee_charged,0.2837193346207652,False
"I purchased some makeup through a site in China, and I was under the impression that when I make transfers there is no fee.  Why am I seeing this fee now?  I am not happy about this at all.",transfer_fee_charged,transfer_fee_charged,0.6638860544382522,True
I got charged and extra fee when I transferred money so why was I charged?,transfer_fee_charged,transfer_fee_charged,0.8629553535540886,True
Can you explain the transfer fee to me?,transfer_fee_charged,transfer_fee_charged,0.7745841937766352,True
Will salary be received through this?,receiving_money,receiving_money,0.9463646083131253,True
How can I get paid in a different currency?,receiving_money,receiving_money,0.9327003945100864,True
Can I receive my salary in a currency other than what it is deposited in?,receiving_money,receiving_money,0.9829499013895814,True
Can I get my salary through this?,receiving_money,receiving_money,0.9947345545926964,True
How can someone send me money?,receiving_money,receiving_money,0.946406560197496,True
Is there a problem with receiving my salary in GBP?,receiving_money,receiving_money,0.9405001462350195,True
Do I need to choose GBP to get my salary deposited properly?,receiving_money,receiving_money,0.9115118174600194,True
"I get paid in GBP. Should I configure this and if so, where?",receiving_money,receiving_money,0.5732327754210884,True
Is it possible for me to get money out in a different currency?,receiving_money,receiving_money,0.48223155943601764,False
Can I use this to receive my salary?,receiving_money,receiving_money,0.9969012801402707,True
My salary is received in the form of GBP. Do I need to do anything specific to configure this?,receiving_money,receiving_money,0.953730490466378,True
How do people send me money?,receiving_money,receiving_money,0.9874225463510369,True
Is GBP a supported currency?,receiving_money,exchange_via_app,0.5968846701133715,True
Do I need to establish I am paid in GBP before a transfer?,receiving_money,receiving_money,0.9111930707284732,True
"Salary in GBP has been received, does it need to be configured elsewhere?",receiving_money,receiving_money,0.9282773687198459,True
How do i get my salary in the account?,receiving_money,receiving_money,0.9811418197974815,True
What are the ways for others to transfer me money?,receiving_money,top_up_by_bank_transfer_charge,0.2634790639007378,False
What different ways are there for someone to send me money?,receiving_money,receiving_money,0.8615641687475765,True
What do I need to do to transfer my paycheck to my account?,receiving_money,transfer_into_account,0.706084463012797,True
How can my friend send me money?,receiving_money,receiving_money,0.9971693464913389,True
Can I directly transfer my salary onto here?,receiving_money,receiving_money,0.9940079612654451,True
Can this be used to receive my salary?,receiving_money,receiving_money,0.9875846968821875,True
Is it possible to deposit money in GBP?,receiving_money,balance_not_updated_after_cheque_or_cash_deposit,0.2546377586705273,False
I received my salary in GBP. How do I change this to my currency?,receiving_money,receiving_money,0.9881087662938233,True
How can my friend transfer money to me?,receiving_money,receiving_money,0.9131601474523152,True
Can my friends send me money?,receiving_money,receiving_money,0.9740662540502404,True
How do I deposit my paycheck to this account?,receiving_money,balance_not_updated_after_cheque_or_cash_deposit,0.6733793385876179,True
Can I use this account to receive my salary?,receiving_money,receiving_money,0.9905769910340927,True
Can i deposit my salary to this account?,receiving_money,receiving_money,0.9066279556789811,True
How do I get my salary through this account?,receiving_money,receiving_money,0.978129538243645,True
What if I need my salary in a different currency?,receiving_money,receiving_money,0.9893507272929007,True
I receive my salary in GBP. Do I need to configure this somehwere?,receiving_money,receiving_money,0.9985521239600818,True
Do you know if I can use this for my salary?,receiving_money,receiving_money,0.8540104657213338,True
How do I get my paycheck through this?,receiving_money,receiving_money,0.4348034834261388,False
can I transfer my salary if it's in a different currency?,receiving_money,receiving_money,0.9990130692682989,True
Can I get paid in a different currency?,receiving_money,receiving_money,0.9293155761004225,True
Is my salary eligible for this?,receiving_money,receiving_money,0.8705240575755996,True
My salary is in GBP; how can I note this in the app?,receiving_money,receiving_money,0.985632905681206,True
Can I get paid in another currency?,receiving_money,receiving_money,0.9295798209922442,True
Can I get my paycheck through here?,receiving_money,receiving_money,0.32123897963221526,False
dont understand why transfer failed,failed_transfer,failed_transfer,0.962508026530403,True
Please help me make a transfer. I keep receiving an error and I'm trying to make the initial mortgage payment for a flat I'm buying. What is the deal here?,failed_transfer,failed_transfer,0.9018663726850035,True
My transfer didn't work,failed_transfer,failed_transfer,0.9108394827594345,True
"Fix your system. I can't make transfers, I've tried like 5 times already.",failed_transfer,failed_transfer,0.5254159818264552,True
Tell me why my transfer failed!,failed_transfer,failed_transfer,0.9924706779661989,True
My transfer did not go through.,failed_transfer,failed_transfer,0.8574000846544207,True
Why was I not able to complete a transfer?,failed_transfer,failed_transfer,0.772597743523989,True
Can you help me figure out what's happening? I'm trying to transfer money to a friend but it keeps getting returned. I'm not sure what i'm doing wrong.,failed_transfer,failed_transfer,0.6858805731944988,True
Why did my transfer not go through?,failed_transfer,failed_transfer,0.8205821589676949,True
My transfer didn't go through.,failed_transfer,failed_transfer,0.9197995593406342,True
I could not get my transfer to happen correctly and was wondering why?,failed_transfer,failed_transfer,0.23282296956463372,False
how come my transfer didn't work,failed_transfer,failed_transfer,0.7171036794996315,True
"I transferred my funds, why did it not go through?",failed_transfer,failed_transfer,0.4832949782866688,True
Why has my transfer failed?,failed_transfer,failed_transfer,0.9978183129057991,True
Why did my transfer fail?,failed_transfer,failed_transfer,0.9816721731826255,True
Why hasn't my transfer been made?,failed_transfer,balance_not_updated_after_bank_transfer,0.5870281444536279,True
My transfer will not go through.,failed_transfer,failed_transfer,0.3822902813912378,False
My transfer keeps failing and I just want to transfer the money can you please make it work?,failed_transfer,failed_transfer,0.9538948313777986,True
"The transfer keeps failing , I tried to transfer some money to friends this morning but it keeps getting rejected for some reason, Would you please check the issue ?",failed_transfer,failed_transfer,0.9263891943076473,True
Why would a transfer fail?,failed_transfer,failed_transfer,0.9605101024870294,True
What are your policies for card transfers?,failed_transfer,top_up_by_bank_transfer_charge,0.1044962463116218,False
Is the system down? I've been trying to do a transfer and have failed?,failed_transfer,failed_transfer,0.9315052188049002,True
I tried to make a transfer but it failed,failed_transfer,failed_transfer,0.9980247063833826,True
Why couldn't I complete a transfer?,failed_transfer,failed_transfer,0.7795503113094738,True
My transfer appeared not to work.,failed_transfer,failed_transfer,0.4652798369764069,False
What is stopping my money from transferring?,failed_transfer,transfer_into_account,0.41414531441499935,False
"Hi, I'm buying a flat and I'm trying to get my mortgage to go though. Every time I check I simply get an error message. Is there any way you can help me get this money transferred over. Thanks!",failed_transfer,failed_transfer,0.5461587134136062,True
My attempted transfer failed.,failed_transfer,failed_transfer,0.9856224179907308,True
"I can not seem to make a successful transfer, can you tell me what I'm doing wrong?",failed_transfer,failed_transfer,0.5474509557011787,True
"Please help me as i am continuously facing the issue in transferring money to my friends, as all my transactions are getting failed.",failed_transfer,failed_transfer,0.46824918603114063,False
"I am trying to make a transfer and am unsuccessful, can you please tell me why?",failed_transfer,failed_transfer,0.9287653770625086,True
My transfer did not seem to work.,failed_transfer,failed_transfer,0.6487592426345207,True
"I've now been trying to do a really standard transfer 5 times already. What's going on, is your system broken or something?!",failed_transfer,failed_transfer,0.7463934744148587,True
help me with my transfer,failed_transfer,declined_transfer,0.7830889022151957,True
Says my transfer can't be completed?,failed_transfer,failed_transfer,0.5190763334088342,True
can you tell me why my transfer failed?,failed_transfer,failed_transfer,0.9939452967350836,True
Why didn't my transfer go through?,failed_transfer,failed_transfer,0.9618553825348617,True
I've attempted to do a very standard transfer and have tried 5 times at this point. Can you tell me what the issue is? Is the system down?,failed_transfer,failed_transfer,0.8721326504662463,True
Can you provide a reason as to why my transfer did not work?,failed_transfer,failed_transfer,0.8844066142186965,True
I tried to transfer money and it did not work.,failed_transfer,failed_transfer,0.8552223147125158,True
Can I do a bank transfer to put additional money in my account because I am out of money?,transfer_into_account,transfer_into_account,0.7829124800650245,True
"I'm out of money, can I add money with my bank?",transfer_into_account,transfer_into_account,0.19633926453743475,False
How do I go forth on transferring money into my account?,transfer_into_account,transfer_into_account,0.9719964846922283,True
"I don't understand how to top up my account, can you please explain the process?",transfer_into_account,topping_up_by_card,0.36511576720029476,False
I don't understand the money transfer process.,transfer_into_account,pending_transfer,0.32160098099681594,False
"I need to transfer money into my account, how do I go about doing this?",transfer_into_account,transfer_into_account,0.9718675495902642,True
What do I need to do to transfer money into my account?,transfer_into_account,transfer_into_account,0.9934156430694238,True
I don't know what to do. Should I transfer funds. My account is out of money.,transfer_into_account,transfer_into_account,0.4591609874976853,False
Can I add funds to the card directly from my bank account?,transfer_into_account,transfer_into_account,0.2660229535576725,False
How does tranferring money into my account work?,transfer_into_account,transfer_into_account,0.9432479393159132,True
I NEED TO KNOW HOW TO TRANSFER MONEY INTO MY BANK ACCOUNT. PLEASE HELP,transfer_into_account,transfer_into_account,0.9894235936037632,True
I would like to transfer some money from my other bank account into this one.,transfer_into_account,transfer_into_account,0.9762222200775462,True
"When I want to transfer money to my account, how can I do that?",transfer_into_account,transfer_into_account,0.9525890439109445,True
I need to transfer funds into my account. How can I do this?,transfer_into_account,transfer_into_account,0.9444865925159927,True
What are the steps I follow to transfer money into my account?,transfer_into_account,transfer_into_account,0.8475814363931348,True
How can I transfer funds from my bank to my top up account?,transfer_into_account,transfer_into_account,0.9842197288807367,True
I want to top my account by using a bank transfer. How would that work?,transfer_into_account,transfer_into_account,0.9565393505318032,True
How to I transfer my funds into my account?,transfer_into_account,transfer_into_account,0.9365482158385168,True
How do I top up my card?,transfer_into_account,topping_up_by_card,0.9572916268102871,True
How can I transfer money from an outside bank?,transfer_into_account,transfer_into_account,0.761872439853676,True
How can I fund my top-up account using my bank account?,transfer_into_account,transfer_into_account,0.8675567650260481,True
What methods can I use to add money to my account?,transfer_into_account,supported_cards_and_currencies,0.5597924422003027,True
"I would like to use the bank transfer feature, but I can't find it. Can you please give me the details?",transfer_into_account,declined_transfer,0.1623270084880098,False
How can I perform a dual money transferring from one account to another?,transfer_into_account,transfer_into_account,0.8817929089548973,True
CAN YOU EXPLAIN HOW TO TRANSFER MONEY INTO MY  ACCOUNT FOR ME?,transfer_into_account,transfer_into_account,0.9812658072930809,True
"I need to bank account transfer from another account into this one, what is the easiest way that can be done, and what information do i need?",transfer_into_account,transfer_into_account,0.8810413437389033,True
How do I transfer money to my account?,transfer_into_account,transfer_into_account,0.992999963013604,True
How do I send my account money through transfer?,transfer_into_account,transfer_into_account,0.767260930998204,True
How do I do an international transfer?,transfer_into_account,transfer_into_account,0.20613569862037245,False
Are there ways to transfer money into my account?,transfer_into_account,transfer_into_account,0.9669045024502126,True
I want to transfer from accounts in order to Top up. What are the steps necessary.,transfer_into_account,transfer_into_account,0.23776597114338754,False
How does a transfer work?,transfer_into_account,failed_transfer,0.5143589430403699,True
"I would like use the bank transfer, but I don't understand the process, can you please explain, topping up?",transfer_into_account,transfer_into_account,0.4350954144963388,False
I want to use bank transfer for topping up my account. How is it handled?,transfer_into_account,transfer_into_account,0.9034035342955076,True
I checked my account today and it said I was out of money. How do I transfer money into my account?,transfer_into_account,transfer_into_account,0.8776054470970026,True
How can I transfer money to my account?,transfer_into_account,transfer_into_account,0.9862168619973238,True
I would like to transfer funds from one account to another.,transfer_into_account,transfer_into_account,0.7935392619629781,True
I'm trying to transfer money into my account.,transfer_into_account,transfer_into_account,0.850751853916708,True
I would like to transfer money from my other bank account into this one.,transfer_into_account,transfer_into_account,0.9868845508312891,True
Can I use a bank transfer to refill my account?,transfer_into_account,transfer_into_account,0.8698889833710123,True
What all is needed to verify the top-up card?,verify_top_up,verify_top_up,0.9901344413615062,True
It wants me to verify the top up. Why?,verify_top_up,verify_top_up,0.9375423702140167,True
Where can I find the top-up verification code?,verify_top_up,verify_top_up,0.997542087603915,True
Why do I have to verify the top-up that I started?,verify_top_up,verify_top_up,0.9705949147813865,True
Can you give me information about verification code?,verify_top_up,verify_top_up,0.4416734220788965,False
What are the benefits to verifying the top-up?,verify_top_up,verify_top_up,0.9562015021916914,True
how come the verification with the top up,verify_top_up,verify_top_up,0.9536716267735393,True
Can I verify a top up?,verify_top_up,verify_top_up,0.9894805526382406,True
reason i need to verify top up,verify_top_up,verify_top_up,0.9738591004296365,True
Why do you need code verification for my top up?,verify_top_up,verify_top_up,0.835072810218066,True
Where can I find the verification code on a top-up card?,verify_top_up,verify_top_up,0.9980595358026116,True
How do I get my top-up verification code?,verify_top_up,verify_top_up,0.9972125148850116,True
Is it possible to verify a top up?,verify_top_up,verify_top_up,0.9087987708733006,True
Is it normal to have to verify my top-up or is something wrong?,verify_top_up,verify_top_up,0.4544318234784462,False
Why does the top-up need verification?,verify_top_up,verify_top_up,0.9327638001979596,True
Why does top-up need verifying?,verify_top_up,verify_top_up,0.8493887719095039,True
Is it necessary to verify my top up?,verify_top_up,verify_top_up,0.8173676694362085,True
Why am i to verify the top-ups?,verify_top_up,verify_top_up,0.9823116528686036,True
Where's the verification code for the top-up card?,verify_top_up,verify_top_up,0.9992282068567786,True
How do I find the verification code for my top-up card?,verify_top_up,verify_top_up,0.9994083968729627,True
Why is it important to verify a top-up card?,verify_top_up,verify_top_up,0.9635428948668258,True
Why do I have to verify the top-up?,verify_top_up,verify_top_up,0.9950802661190588,True
What is the verification code on a top-up?,verify_top_up,verify_top_up,0.9972558149330768,True
I can't find the top-up verification code.,verify_top_up,verify_top_up,0.9968810284423846,True
How do I go forth verifying my top-up card?,verify_top_up,verify_top_up,0.9551325007789588,True
Where do I find the top-up verification code?,verify_top_up,verify_top_up,0.9981032624259755,True
How is the top-up card verified?,verify_top_up,verify_top_up,0.9981795062266265,True
Is there a verification code for the top-up card?,verify_top_up,verify_top_up,0.9996789211350977,True
What is the importance of verifying the top-up?,verify_top_up,verify_top_up,0.9495924251857221,True
help me find the top-up card's verification code?,verify_top_up,verify_top_up,0.9963600040516541,True
I don't understand why it says I have to verify the top-up.,verify_top_up,verify_top_up,0.7730429175960257,True
Can I verify a top-up and what card is used?,verify_top_up,verify_top_up,0.9728271109713537,True
Where do I go to get the code to verify the top up card?,verify_top_up,verify_top_up,0.9924658789856791,True
The top-up verification code is missing,verify_top_up,verify_top_up,0.9961187465110883,True
How do I verify a top-up?,verify_top_up,verify_top_up,0.9951042963344883,True
I cannot locate the verification code for my top-up card. Please help me.,verify_top_up,verify_top_up,0.9860811922918046,True
How can I find the top-up verification code?,verify_top_up,verify_top_up,0.9985082662024837,True
I need help finding the verification code for my top-up card.,verify_top_up,verify_top_up,0.9941874462258077,True
Is there a verification code for top-ups?,verify_top_up,verify_top_up,0.9924968321038369,True
What is the necessity of verifying the top up?,verify_top_up,verify_top_up,0.9529639708965837,True
Would it be possible to get another card?,getting_spare_card,getting_spare_card,0.9699768838699483,True
How many cards can I have for one account?,getting_spare_card,getting_spare_card,0.9550072223807994,True
I want to order another crad,getting_spare_card,getting_spare_card,0.7175105510367863,True
How can I get additional cards?,getting_spare_card,getting_spare_card,0.98653703133597,True
Is there a fee for extra cards?,getting_spare_card,getting_spare_card,0.38505797114236806,False
I need some spare physical cards.,getting_spare_card,getting_spare_card,0.9602218424675727,True
I would like to receive a few more physical cards.,getting_spare_card,getting_spare_card,0.9582460593435868,True
Can I have a card after my first one?,getting_spare_card,getting_spare_card,0.17509338416486633,False
How would I go about getting a second card?,getting_spare_card,getting_spare_card,0.8037291716286348,True
I'd like to have another card,getting_spare_card,getting_spare_card,0.9780456697723116,True
"If I need more cards, are there any fees?",getting_spare_card,getting_spare_card,0.9157810869696934,True
Do you offer multiple cards for the same account?,getting_spare_card,transaction_charged_twice,0.28837471258305536,False
Can I get a spare card for someone else to use?,getting_spare_card,getting_spare_card,0.47025195944377807,False
I need to get some more physical cards.,getting_spare_card,getting_spare_card,0.9760606643362143,True
"Would I be able to get another card for my account, so I could give one to my daughter?",getting_spare_card,getting_spare_card,0.9665718918207687,True
What is the procedure for getting another card?,getting_spare_card,getting_spare_card,0.548656312717534,True
Can I have a second card?,getting_spare_card,getting_spare_card,0.9968734675706573,True
"My daughter would like a card as well, how can we make this happen?",getting_spare_card,getting_spare_card,0.40476342384888064,False
Can I give a second card to my daughter?,getting_spare_card,getting_spare_card,0.9875955250245325,True
May I have another card?,getting_spare_card,getting_spare_card,0.9697143362455136,True
Is there a fee for sending out more than one card?,getting_spare_card,getting_spare_card,0.8627033518869145,True
Can I order extra cards?,getting_spare_card,getting_spare_card,0.8437151743864033,True
Where can I get a second card?,getting_spare_card,getting_spare_card,0.8923490387309753,True
I was looking to buy another card today.,getting_spare_card,getting_spare_card,0.8273314584592376,True
I need a few more physical cards.,getting_spare_card,getting_spare_card,0.9890169132760285,True
Can i have a second physical card for this account?,getting_spare_card,getting_spare_card,0.9793621863951701,True
Can I purchase extra non-virtual cards?,getting_spare_card,getting_virtual_card,0.4278112603954779,False
Am I allowed to give my daughter one of my cards to use?,getting_spare_card,getting_spare_card,0.9467080636670537,True
May I have a second card?,getting_spare_card,getting_spare_card,0.9698136028412281,True
Can i have a card to my daughter?,getting_spare_card,getting_spare_card,0.7607424746461051,True
Are there restrictions for ordering extra cards?,getting_spare_card,getting_spare_card,0.4433381920693002,False
How can I get a second card for my daughter?,getting_spare_card,getting_spare_card,0.9799260956369376,True
Where do I request another card?,getting_spare_card,getting_spare_card,0.827000041867849,True
Am I able to get a second card?,getting_spare_card,getting_spare_card,0.9488665027751298,True
"If you send me more cards, are there any charges?",getting_spare_card,getting_spare_card,0.8218444192802397,True
When trying to get more than one card is there a extra amount that needs to be paid?,getting_spare_card,getting_spare_card,0.3837836652095067,False
Is it possible to give a second card for this account to my daughter?,getting_spare_card,getting_spare_card,0.9873744047514336,True
My daughter needs a card. Can I give her one of mine that's linked to my account?,getting_spare_card,getting_spare_card,0.5162686489916416,True
"My child needs a card, how can I add them to the account I currently have?",getting_spare_card,age_limit,0.23630966315677307,False
"my daughter needs a card, how do i add her?",getting_spare_card,getting_spare_card,0.28575215714432883,False
Can I top up by cheque?,top_up_by_cash_or_cheque,top_up_by_cash_or_cheque,0.995233790448733,True
How do I top-up using cash?,top_up_by_cash_or_cheque,top_up_by_cash_or_cheque,0.8895262573583965,True
Can I top up with a cheque?,top_up_by_cash_or_cheque,top_up_by_cash_or_cheque,0.9973400488379054,True
Is it possible to top up with cash? If so how do I do it?,top_up_by_cash_or_cheque,top_up_by_cash_or_cheque,0.8235272046733445,True
Can you help me find top up by cash deposit?,top_up_by_cash_or_cheque,top_up_by_cash_or_cheque,0.9424301544255141,True
Is there an option to top up a with cheque?,top_up_by_cash_or_cheque,top_up_by_cash_or_cheque,0.9796988575019029,True
Need to deposit a cheque into my account,top_up_by_cash_or_cheque,top_up_by_cash_or_cheque,0.6638189623094282,True
I'm looking for the cash deposit top up option but can't find it. Can you help me?,top_up_by_cash_or_cheque,top_up_by_cash_or_cheque,0.3399776091195284,False
How do I top up my account with a cash payment?,top_up_by_cash_or_cheque,top_up_by_cash_or_cheque,0.8416321532984926,True
I'd like to use cash to top up. How do I find that option?,top_up_by_cash_or_cheque,top_up_by_cash_or_cheque,0.7847921097968937,True
Where do I locate topping up with cash.,top_up_by_cash_or_cheque,top_up_by_cash_or_cheque,0.894580432611873,True
How do I pay by check?,top_up_by_cash_or_cheque,top_up_by_cash_or_cheque,0.6866543084279079,True
Can I add to my account balance with a cheque?,top_up_by_cash_or_cheque,top_up_by_cash_or_cheque,0.8765861461031892,True
What type of deposits do you accept into my account?,top_up_by_cash_or_cheque,top_up_by_cash_or_cheque,0.4214938497269932,False
Can I top up using a cheque?,top_up_by_cash_or_cheque,top_up_by_cash_or_cheque,0.9937277641517661,True
Can you top-up a card with a cheque?,top_up_by_cash_or_cheque,top_up_by_cash_or_cheque,0.9709978879302538,True
"I need to top up cash, How do I do it?",top_up_by_cash_or_cheque,top_up_by_cash_or_cheque,0.5039999651969082,True
I'm looking for the option to top up by cheque.,top_up_by_cash_or_cheque,top_up_by_cash_or_cheque,0.8812408186316879,True
What locations can I top up with cash?,top_up_by_cash_or_cheque,top_up_by_cash_or_cheque,0.8769769687764613,True
"I want to top up using cash, where can I do that?",top_up_by_cash_or_cheque,top_up_by_cash_or_cheque,0.8517553648733021,True
is there a way to do top up with cash deposit,top_up_by_cash_or_cheque,top_up_by_cash_or_cheque,0.9161975128191818,True
Where are the options to top up with a cheque on my account?,top_up_by_cash_or_cheque,top_up_by_cash_or_cheque,0.9954806351979691,True
Can I use cash to top up my account?,top_up_by_cash_or_cheque,top_up_by_cash_or_cheque,0.9731255261179051,True
How can I top up with cash?,top_up_by_cash_or_cheque,top_up_by_cash_or_cheque,0.9883131264249752,True
Will you accept a cheque to top up my account?,top_up_by_cash_or_cheque,top_up_by_cash_or_cheque,0.9940103874284097,True
How can I top up with this cheque I got?,top_up_by_cash_or_cheque,top_up_by_cash_or_cheque,0.9816843877223626,True
What methods can I use to top up my account?,top_up_by_cash_or_cheque,transfer_into_account,0.46477821091192245,False
Is cash good to top up with?,top_up_by_cash_or_cheque,top_up_by_cash_or_cheque,0.6970313334564611,True
how come i can't find anywhere to load using cash,top_up_by_cash_or_cheque,declined_cash_withdrawal,0.17569395284572367,False
What can I pay with? Does cash work?,top_up_by_cash_or_cheque,card_acceptance,0.17487598357213882,False
How do I deposit cash into my account?,top_up_by_cash_or_cheque,top_up_by_cash_or_cheque,0.6318793866367054,True
Why can't I top up with a cheque?,top_up_by_cash_or_cheque,top_up_by_cash_or_cheque,0.9850143304833415,True
Can I send a cheque to do my top ups?,top_up_by_cash_or_cheque,top_up_by_cash_or_cheque,0.904325999062896,True
Can I top up my account with a cheque?,top_up_by_cash_or_cheque,top_up_by_cash_or_cheque,0.9951362968086556,True
I want to do a cash top-up,top_up_by_cash_or_cheque,top_up_by_cash_or_cheque,0.48979517838889053,True
"I have a cheque here, can I use it to top off my account?",top_up_by_cash_or_cheque,top_up_by_cash_or_cheque,0.9583065980096586,True
I want to top-up using cash,top_up_by_cash_or_cheque,top_up_by_cash_or_cheque,0.7991576574697564,True
How can I top-up my card?,top_up_by_cash_or_cheque,top_up_limits,0.4156393745019807,False
Can I submit a check or cash payment?,top_up_by_cash_or_cheque,top_up_by_cash_or_cheque,0.7316427371801973,True
Do you accept checks?,top_up_by_cash_or_cheque,top_up_by_cash_or_cheque,0.8484298533297737,True
How do I receive my physical card,order_physical_card,order_physical_card,0.8908106375408973,True
I want a card. What is the procedure?,order_physical_card,request_refund,0.13974168724662173,False
What do you charge for physical cards?,order_physical_card,order_physical_card,0.9812770694573373,True
Where can I get my card at?,order_physical_card,order_physical_card,0.3706960046222802,False
price of physical card,order_physical_card,order_physical_card,0.7871949844872379,True
"Please, how do I order a card?",order_physical_card,order_physical_card,0.9609029433047929,True
Send me a physical card,order_physical_card,order_physical_card,0.8119799007569185,True
I want to order a card. Where do you deliver to?,order_physical_card,order_physical_card,0.9956022736657463,True
Can I request a physical card?,order_physical_card,order_physical_card,0.9903978735485384,True
Is there a charge for physical cards,order_physical_card,order_physical_card,0.9514454409731917,True
Do you charge for physical cards,order_physical_card,order_physical_card,0.9876965829405461,True
Do you ship cards to where I live?,order_physical_card,order_physical_card,0.6640341647938969,True
"For physical cards, do you charge?",order_physical_card,order_physical_card,0.9550525426677807,True
I need to get an actual card so that I can use it for in person transactions. How would I do this?,order_physical_card,order_physical_card,0.5186439072773247,True
Will I get a real card?,order_physical_card,order_physical_card,0.9891389172688827,True
Where can you deliver cards?,order_physical_card,order_physical_card,0.8066880863468556,True
Where are cards delivered to?,order_physical_card,order_physical_card,0.9874788929830174,True
Please tell me how to get a physical card.,order_physical_card,order_physical_card,0.982605294005276,True
What is the charge for a physical card?,order_physical_card,order_physical_card,0.9906883451577363,True
Is a non-electronic card available as well,order_physical_card,country_support,0.1719355296737482,False
How much does it cost in fees to use your card?,order_physical_card,top_up_by_card_charge,0.6760377569012411,True
How can I get a physical card,order_physical_card,order_physical_card,0.9855141689888801,True
Can I get a physical card through this app?,order_physical_card,order_physical_card,0.8384958439632431,True
can I have a non virtual card?,order_physical_card,getting_virtual_card,0.9744685056899554,True
How do I get a physical card?,order_physical_card,order_physical_card,0.9965467964717739,True
What are the fees to get a physical card?,order_physical_card,order_physical_card,0.9838725103395113,True
Where can my card be delivered?,order_physical_card,order_physical_card,0.3489579896797032,False
What will I be charged for a physical card?,order_physical_card,order_physical_card,0.9606561484680521,True
Where do I order my card?,order_physical_card,order_physical_card,0.9796445765427729,True
What locations can a card be delivered to?,order_physical_card,order_physical_card,0.9022548445699582,True
Where can I receive my card?,order_physical_card,order_physical_card,0.4298932694703224,False
Where do you deliver cards by mail?,order_physical_card,order_physical_card,0.9111079928251907,True
How can I get a real-life card of my own?,order_physical_card,order_physical_card,0.8317960143174616,True
Where will I find my card?,order_physical_card,card_acceptance,0.20279813666098218,False
"If I want a physical card, do I have to pay anything?",order_physical_card,order_physical_card,0.48652212117875265,True
Where can cards be delivered?,order_physical_card,order_physical_card,0.8931254845608989,True
I need a physical card.,order_physical_card,order_physical_card,0.9779669537884587,True
What are the fees for a physical card?,order_physical_card,order_physical_card,0.9769851829474816,True
How do I get an actual card?,order_physical_card,order_physical_card,0.9784617747856318,True
Can I get a real card?,order_physical_card,order_physical_card,0.9953612151608884,True
Why is my disposable virtual card being denied?,virtual_card_not_working,virtual_card_not_working,0.47995893148696406,False
My disposable virtual card doesn't seem to work,virtual_card_not_working,virtual_card_not_working,0.9510562089375661,True
My disposable virtual card is broken.,virtual_card_not_working,virtual_card_not_working,0.5404794666259456,True
My non-physical card will not work,virtual_card_not_working,card_not_working,0.907372768728766,True
Why did the disposable virtual card which I used to pay a gym subscription get denied?,virtual_card_not_working,get_disposable_virtual_card,0.5831019703996981,True
Why is my virtual card is being declined?,virtual_card_not_working,getting_virtual_card,0.4501947560522,False
Are there restrictions for my disposable card since it does not seem to be working?,virtual_card_not_working,disposable_card_limits,0.45773663834648404,False
I cannot get my virtual card to work.,virtual_card_not_working,virtual_card_not_working,0.9719510837363132,True
I was at the store earlier and my virtual card didn't work. What's the solution for this problem?,virtual_card_not_working,declined_card_payment,0.24010334830773225,False
My disposable virtual card will not work,virtual_card_not_working,virtual_card_not_working,0.874409718220916,True
I cannot use my disposable virtual card.,virtual_card_not_working,virtual_card_not_working,0.7893257140324753,True
Can I make multiple online transactions with my virtual card?,virtual_card_not_working,virtual_card_not_working,0.30034050300012216,False
Why was my virtual card declined when attempting to setup automatic billing?,virtual_card_not_working,automatic_top_up,0.3577299579511572,False
Why doesn't my disposable virtual card work?,virtual_card_not_working,virtual_card_not_working,0.7776839098736599,True
Why can't I use my virtual card for subscription services?,virtual_card_not_working,virtual_card_not_working,0.6930397025119679,True
Why isn't my virtual card working?,virtual_card_not_working,virtual_card_not_working,0.9376531612066599,True
I cannot make transactions with my virtual card.,virtual_card_not_working,virtual_card_not_working,0.6619404370353767,True
"For some reason, the virtual card won't work for me.",virtual_card_not_working,virtual_card_not_working,0.5014624701195349,True
My disposable virtual card has been rejected by the merchant earlier today. What should I do?,virtual_card_not_working,virtual_card_not_working,0.6241824322725203,True
How can I fix a problem where my virtual card is rejected?,virtual_card_not_working,getting_virtual_card,0.4487420061863382,False
My virtual card isn't working. What do I do?,virtual_card_not_working,virtual_card_not_working,0.8984324580427653,True
What do I do if my virtual card won't work.,virtual_card_not_working,virtual_card_not_working,0.7080117280908511,True
Is there a trick to get the disposable virtual card to work?,virtual_card_not_working,get_disposable_virtual_card,0.5411688772538047,True
Why can't I get my virtual card to work?,virtual_card_not_working,virtual_card_not_working,0.9794243610982294,True
My card is just not working at this time.,virtual_card_not_working,card_not_working,0.47622810231829293,False
My disposable card seems not to be working am I doing something wrong?,virtual_card_not_working,virtual_card_not_working,0.3607669956502025,False
My payments from my virtual card keep getting rejected.,virtual_card_not_working,virtual_card_not_working,0.5286959859320188,True
My disposable virtual card is not working when I try to use it at a point of sale transaction. What do I do now?,virtual_card_not_working,virtual_card_not_working,0.6445317051297881,True
My transaction was just declined when I was using my disposable virtual card. What can I do?,virtual_card_not_working,get_disposable_virtual_card,0.4398253287865988,False
My disposable virtual card is not working,virtual_card_not_working,virtual_card_not_working,0.9793634807986668,True
How do I get my disposable virtual card to work?,virtual_card_not_working,virtual_card_not_working,0.8157094054735508,True
How come my disposable virtual card used to pay for a gym subscription got rejected?,virtual_card_not_working,virtual_card_not_working,0.8676228944336924,True
Payments from my disposable virtual card don't work,virtual_card_not_working,virtual_card_not_working,0.8847558731622986,True
"My disposable virtual card was rejected by the merchant, please help?",virtual_card_not_working,virtual_card_not_working,0.8455148495821462,True
My virtual card won't work.,virtual_card_not_working,virtual_card_not_working,0.8661286940525037,True
Tell me why my virtual disposable card won't work.,virtual_card_not_working,virtual_card_not_working,0.569464991477957,True
I need help getting the virtual card to work.,virtual_card_not_working,virtual_card_not_working,0.5011660249888227,True
I was trying to use my virtual card at a merchant and it was rejected. How can I fix this?,virtual_card_not_working,virtual_card_not_working,0.49133612523038694,True
How do I make my virtual card work?,virtual_card_not_working,virtual_card_not_working,0.5703739483963902,True
virtual card is not working for me,virtual_card_not_working,virtual_card_not_working,0.8554557896931558,True
I did not get the right amount of money when I used a different country's currency.,wrong_exchange_rate_for_cash_withdrawal,wrong_exchange_rate_for_cash_withdrawal,0.5985428090652821,True
I took out money from a transaction machine and it exchanged the wrong dollar value amount from another currency!,wrong_exchange_rate_for_cash_withdrawal,wrong_exchange_rate_for_cash_withdrawal,0.4096043846829497,False
I made a withdraw from the ATM this past holiday and it seems like a was charged too much. If I would have   known about these charges I wouldn't have made a withdraw.,wrong_exchange_rate_for_cash_withdrawal,wrong_exchange_rate_for_cash_withdrawal,0.9599301937484269,True
Can you look to make sure the exchange rate is correct,wrong_exchange_rate_for_cash_withdrawal,card_payment_wrong_exchange_rate,0.6646436876172968,True
Exchange rate for my cash withdrawal is wrong,wrong_exchange_rate_for_cash_withdrawal,wrong_exchange_rate_for_cash_withdrawal,0.9938784645046435,True
Hello. I'm on holiday and didn't bring any cash with me. I need to withdrawal my home currency from one of your machines. Do you have any that will do this and is there a charge?,wrong_exchange_rate_for_cash_withdrawal,wrong_exchange_rate_for_cash_withdrawal,0.8393258377154271,True
Why was the exchange rate wrong when I got cash,wrong_exchange_rate_for_cash_withdrawal,wrong_exchange_rate_for_cash_withdrawal,0.9792846691121939,True
I attempted to get money using a foreign currency at an ATM but the rate was highly inaccurate!,wrong_exchange_rate_for_cash_withdrawal,wrong_exchange_rate_for_cash_withdrawal,0.9477927139372807,True
Why is the exchange rate wrong for my international withdrawal?,wrong_exchange_rate_for_cash_withdrawal,wrong_exchange_rate_for_cash_withdrawal,0.750250742951444,True
A wrong exchange rate was applied to a transaction made abroad.,wrong_exchange_rate_for_cash_withdrawal,wrong_exchange_rate_for_cash_withdrawal,0.7572276768308909,True
The exchange rate you gave me for my cash withdrawal is wrong,wrong_exchange_rate_for_cash_withdrawal,wrong_exchange_rate_for_cash_withdrawal,0.9774026649168869,True
Is there a fee for exchanging cash?,wrong_exchange_rate_for_cash_withdrawal,exchange_charge,0.7816699837277211,True
Why is the exchange rate so exorbitant? This should have been a much higher amount of cash for that to apply.,wrong_exchange_rate_for_cash_withdrawal,wrong_exchange_rate_for_cash_withdrawal,0.9515264443512933,True
Why was the exchange rate different when I withdrew my cash?,wrong_exchange_rate_for_cash_withdrawal,wrong_exchange_rate_for_cash_withdrawal,0.9466833919458226,True
"When I got cash, my exchange rate was wrong.",wrong_exchange_rate_for_cash_withdrawal,wrong_exchange_rate_for_cash_withdrawal,0.9904036391178226,True
Will there be additional costs of I make a withdrawal from a local ATM of British pounds? I need some cash to feel comfortable on the journey home,wrong_exchange_rate_for_cash_withdrawal,wrong_amount_of_cash_received,0.19601466000732584,False
It seems I was overcharged when I used an ATM while on vacation. If I knew about your fees in advance I sure would have gone somewhere else.,wrong_exchange_rate_for_cash_withdrawal,wrong_exchange_rate_for_cash_withdrawal,0.6695585701805293,True
I checked the exchange rate when I withdrew cash. But the actual rate that you applied was different.,wrong_exchange_rate_for_cash_withdrawal,wrong_exchange_rate_for_cash_withdrawal,0.8991795233015776,True
"In receiving cash, the wrong exchange rate was used for my transaction.",wrong_exchange_rate_for_cash_withdrawal,wrong_exchange_rate_for_cash_withdrawal,0.9258773527230437,True
Can I make a withdraw if I am out of country from with out any fees at an ATM?,wrong_exchange_rate_for_cash_withdrawal,atm_support,0.26198518007405014,False
I took out a foreign currency and the exchange rate is wrong.,wrong_exchange_rate_for_cash_withdrawal,wrong_exchange_rate_for_cash_withdrawal,0.7871228806853746,True
I feel like too much money was taken during my currency exchange.,wrong_exchange_rate_for_cash_withdrawal,exchange_charge,0.3379979150347412,False
There was an error in exchange rate for my cash withdrawal,wrong_exchange_rate_for_cash_withdrawal,wrong_exchange_rate_for_cash_withdrawal,0.9135418919363094,True
"I need the right foreign money, at the right rate, at ATMs, when I go abroad.",wrong_exchange_rate_for_cash_withdrawal,wrong_exchange_rate_for_cash_withdrawal,0.8796925020661875,True
The conversion rate on the ATM that I used with foreign currency was wrong.,wrong_exchange_rate_for_cash_withdrawal,wrong_exchange_rate_for_cash_withdrawal,0.740235223720104,True
why is the exchange rate for a Foreign ATM different,wrong_exchange_rate_for_cash_withdrawal,wrong_exchange_rate_for_cash_withdrawal,0.9285099809338337,True
My cash withdrawal charged me the wrong exchange rate,wrong_exchange_rate_for_cash_withdrawal,wrong_exchange_rate_for_cash_withdrawal,0.9716391393589232,True
I withdrew some cash out of the ATM over the holiday. It seems that I was charged some outrageous fees. I would not have done that had I been aware of these outrageous charges!,wrong_exchange_rate_for_cash_withdrawal,wrong_exchange_rate_for_cash_withdrawal,0.8578337877705032,True
The exchange rate for my withdrawal isn't correct and doesn't match the actual exchange rate.,wrong_exchange_rate_for_cash_withdrawal,wrong_exchange_rate_for_cash_withdrawal,0.5344264026260921,True
Can you explain your exchange rate policy? I don't think I received the correct amount of cash in my ATM transaction.,wrong_exchange_rate_for_cash_withdrawal,wrong_exchange_rate_for_cash_withdrawal,0.7184062456928663,True
My ecchange rate was wrong for a cash transaction.,wrong_exchange_rate_for_cash_withdrawal,wrong_exchange_rate_for_cash_withdrawal,0.9548365400035307,True
I expected a higher exchange rate when I withdrew money. Can you tell me current exchange rates?,wrong_exchange_rate_for_cash_withdrawal,wrong_exchange_rate_for_cash_withdrawal,0.6035184193054752,True
The see the rate applied to my transaction was wrong at the atm.,wrong_exchange_rate_for_cash_withdrawal,wrong_amount_of_cash_received,0.4156517065575412,False
The rate of exchange isn't right for my cash withdrawal.,wrong_exchange_rate_for_cash_withdrawal,wrong_exchange_rate_for_cash_withdrawal,0.9370601428969307,True
I took out cash abroad and the exchange rate isn't correct.,wrong_exchange_rate_for_cash_withdrawal,wrong_exchange_rate_for_cash_withdrawal,0.96167743699852,True
I used an ATM in a foreign currency but the rate applied is wrong!,wrong_exchange_rate_for_cash_withdrawal,wrong_exchange_rate_for_cash_withdrawal,0.7387490132756948,True
how do you determine your exchange rates because one of yours was off when i got cash,wrong_exchange_rate_for_cash_withdrawal,exchange_rate,0.7026496107894836,True
I used the ATM machine to get money out for Holiday shopping and saw the outrageous charges. Why is that? I would not have used the ATM if I had known!,wrong_exchange_rate_for_cash_withdrawal,wrong_exchange_rate_for_cash_withdrawal,0.6511433192864298,True
The cash withdrawal exchange rate is not correct.,wrong_exchange_rate_for_cash_withdrawal,wrong_exchange_rate_for_cash_withdrawal,0.9820616575782686,True
"Is there a local ATM that will provide British pounds, I have no money for my homeward journey and do not feel comfortable waiting until  I arrive in Britain. Will a withdrawal involve extra charges?",wrong_exchange_rate_for_cash_withdrawal,pending_cash_withdrawal,0.11873304788599387,False
can i get a description of how to use a disposable virtual card,get_disposable_virtual_card,get_disposable_virtual_card,0.9518565495108754,True
Can I create a disposable virtual card?,get_disposable_virtual_card,get_disposable_virtual_card,0.9482117108111571,True
What can you tell me about getting a virtual disposable card?,get_disposable_virtual_card,get_disposable_virtual_card,0.9783655262522831,True
I would like to order a disposable virtual card. How can I do this?,get_disposable_virtual_card,get_disposable_virtual_card,0.930958438420663,True
how do VR cards work,get_disposable_virtual_card,get_disposable_virtual_card,0.2513925847820918,False
What is a disposable virtual card?,get_disposable_virtual_card,get_disposable_virtual_card,0.9805355513480002,True
I would like a temporary virtual card,get_disposable_virtual_card,getting_virtual_card,0.9126019909580383,True
How do the disposable cards work?,get_disposable_virtual_card,get_disposable_virtual_card,0.9831461096491767,True
How do I use a disposable virtual card?,get_disposable_virtual_card,get_disposable_virtual_card,0.9957941220936487,True
Where's the best place to get a disposable virtual card?,get_disposable_virtual_card,get_disposable_virtual_card,0.9044821663215623,True
Can you explain the disposable cards to me?,get_disposable_virtual_card,get_disposable_virtual_card,0.7010865040657794,True
"Is there anyway, I can get a disposable virtual card?",get_disposable_virtual_card,get_disposable_virtual_card,0.9891205019174397,True
I just purchased a disposable virtual card. Am I able to use it for online purchases immediately?,get_disposable_virtual_card,get_disposable_virtual_card,0.8888656579841591,True
how secure is a disposable virtual card,get_disposable_virtual_card,get_disposable_virtual_card,0.971015537137845,True
What do I do to get a disposable virtual card?,get_disposable_virtual_card,get_disposable_virtual_card,0.9906189237916991,True
I want to get a disposable virtual card.,get_disposable_virtual_card,get_disposable_virtual_card,0.9762153142981976,True
Can you explain disposable cards?,get_disposable_virtual_card,get_disposable_virtual_card,0.7845193823646666,True
how do i get a virtual card for one time use,get_disposable_virtual_card,get_disposable_virtual_card,0.8122992042646566,True
May I get a disposable virtual card as well?,get_disposable_virtual_card,get_disposable_virtual_card,0.9752691172768148,True
Can i get a single use virtual card,get_disposable_virtual_card,get_disposable_virtual_card,0.8723387363713586,True
I would like to create a disposable virtual card. How do I go about doing that?,get_disposable_virtual_card,get_disposable_virtual_card,0.9193683127097844,True
"I have a disposable virtual card here, so would you tell me what to do with it?",get_disposable_virtual_card,get_disposable_virtual_card,0.8680208747610871,True
how does a virtual card work,get_disposable_virtual_card,getting_virtual_card,0.5477322313423508,True
What is the process of obtaining a disposable virtual card,get_disposable_virtual_card,get_disposable_virtual_card,0.8400695542265797,True
What does a disposable virtual card do?,get_disposable_virtual_card,get_disposable_virtual_card,0.9679847110134373,True
When can I order a disposable virtual card?,get_disposable_virtual_card,get_disposable_virtual_card,0.9815955307423768,True
Is it possible to also get a disposable virtual card?,get_disposable_virtual_card,get_disposable_virtual_card,0.9292099509963081,True
How do I obtain a disposable virtual card?,get_disposable_virtual_card,get_disposable_virtual_card,0.9710406298151879,True
How would you use a disposable card?,get_disposable_virtual_card,get_disposable_virtual_card,0.9597101902154676,True
"I need a disposable virtual card, how do I get one?",get_disposable_virtual_card,get_disposable_virtual_card,0.9827905427916391,True
How do disposable cards work?,get_disposable_virtual_card,get_disposable_virtual_card,0.9783022692853945,True
Is there a disposable virtual card I can order?,get_disposable_virtual_card,get_disposable_virtual_card,0.9672134174550089,True
Where can I get a disposable virtual card?,get_disposable_virtual_card,get_disposable_virtual_card,0.9837074276273678,True
Will I be able to get a disposable virtual card as well?,get_disposable_virtual_card,get_disposable_virtual_card,0.9607346744249202,True
Hello! I need to order a disposable virtual card. Where can I do that at?,get_disposable_virtual_card,get_disposable_virtual_card,0.8529827262605867,True
where do I request a disposable virtual card?,get_disposable_virtual_card,get_disposable_virtual_card,0.950929267722358,True
Can i get a throw away card,get_disposable_virtual_card,order_physical_card,0.27577100846940145,False
how many transactions can i make with a disposable card,get_disposable_virtual_card,disposable_card_limits,0.9926336643229686,True
What are disposable cards?,get_disposable_virtual_card,disposable_card_limits,0.5090387211627897,True
what's the process for getting a disposable virtual card?,get_disposable_virtual_card,get_disposable_virtual_card,0.9204364375450844,True
The app denied my topped up.,top_up_failed,top_up_failed,0.8918904671927055,True
"Heyy I tried to top up with my card today but it failed! I just got the couple days before but it has worked last time. What's going on, can you double check please?",top_up_failed,top_up_failed,0.9721330471768125,True
I have a top up that didn't go through.  Why?,top_up_failed,top_up_failed,0.30094364701489257,False
"So, I tried topping up my card for the today. Unfortunately, it failed. A couple of days back I used it and it works fine. Can you double check and tell me what's going on?",top_up_failed,top_up_failed,0.8534135958967507,True
Why did the app deny my top up?,top_up_failed,top_up_reverted,0.5860598316320589,True
please tell me why my top-up failed.,top_up_failed,top_up_failed,0.9783876698667995,True
My top-up isn't working.,top_up_failed,top_up_failed,0.7885532980125353,True
I attempted to top up but the app denied it.,top_up_failed,top_up_failed,0.9783229129983076,True
What reason did my top-up fail for?,top_up_failed,top_up_failed,0.8220403513172139,True
Why didn`t my topup go through?,top_up_failed,top_up_reverted,0.3964155945777935,False
How can I check to see if my top-up worked?,top_up_failed,top_up_failed,0.8342335762790948,True
My top up didn't work.,top_up_failed,top_up_failed,0.9359324603294853,True
My top up failed.,top_up_failed,top_up_failed,0.9835055126777141,True
Why would my topup not go through?,top_up_failed,top_up_failed,0.713868233528912,True
Why caused my top up to not work?,top_up_failed,top_up_failed,0.639697055175302,True
Why did my top up not work?,top_up_failed,top_up_failed,0.5773788642115651,True
Why was my top-up unsuccessful?,top_up_failed,top_up_reverted,0.8892800471154613,True
My funding to my card didn't go through.,top_up_failed,declined_card_payment,0.80810344524686,True
I need to know why my credit card was declined for top up? What is the deal here and why did it not go through?,top_up_failed,top_up_failed,0.6023178559003964,True
I topped up but the app did not accept it.,top_up_failed,top_up_reverted,0.5908164065546747,True
The app denied my top-up,top_up_failed,top_up_failed,0.9879150352237481,True
I think my top up did not work,top_up_failed,top_up_failed,0.9688477440259072,True
My top up was denied in the app.,top_up_failed,top_up_failed,0.844823279531431,True
Can you tell me if my pop-up went through?,top_up_failed,pending_top_up,0.42285122005491066,False
can you check why I wasn't able to top up?,top_up_failed,top_up_by_cash_or_cheque,0.6932906792135111,True
How did my top-up fail?,top_up_failed,top_up_failed,0.9606732056043822,True
"My top-up failed, WHY?",top_up_failed,top_up_failed,0.9872081864897357,True
I tried to top up. Why was it denied?,top_up_failed,top_up_failed,0.9173123821769479,True
What's the deal? My card was just denied for top up. Why is it not going through?,top_up_failed,top_up_failed,0.786351749735289,True
I don't think my top up is working correctly,top_up_failed,top_up_failed,0.6822711092278307,True
The app won't let me top up my account,top_up_failed,top_up_failed,0.23140552099645895,False
I'm not sure why my top up request was denied,top_up_failed,top_up_failed,0.8775212972428269,True
Why can't I top up?,top_up_failed,top_up_limits,0.4853226855879333,True
My top-up has failed.,top_up_failed,top_up_failed,0.9665145778064548,True
Problems with top up,top_up_failed,top_up_failed,0.5197693321350695,True
"I really need money from my card today, but my card is getting declined. Please help!!",top_up_failed,declined_card_payment,0.33827726087019955,False
How do I know if my top up was unsuccessful?,top_up_failed,top_up_reverted,0.8176308763812108,True
I'm pretty sure my top up failed. How do I fix this?,top_up_failed,top_up_failed,0.8176333243997689,True
why isnt top up working,top_up_failed,top_up_failed,0.5795552530672501,True
Can you tell me why my top up didn't work?,top_up_failed,top_up_failed,0.9208683361948993,True
I made a transfer a few hours ago from a UK banking account.  I do not yet see the transfer.  Please check on this for me.,balance_not_updated_after_bank_transfer,balance_not_updated_after_bank_transfer,0.9424669528930145,True
the balance on my account didnt change when i transferred money,balance_not_updated_after_bank_transfer,balance_not_updated_after_bank_transfer,0.9742751649271629,True
How long will it take for my transferred money to show up?,balance_not_updated_after_bank_transfer,balance_not_updated_after_bank_transfer,0.8648242402627221,True
Why didn't my balance change after I transferred some money?,balance_not_updated_after_bank_transfer,balance_not_updated_after_bank_transfer,0.9898073311452052,True
When will my balance update after a transfer?,balance_not_updated_after_bank_transfer,balance_not_updated_after_bank_transfer,0.994039509824546,True
How long does it take for an international transfer into my account?,balance_not_updated_after_bank_transfer,balance_not_updated_after_bank_transfer,0.5667721225656823,True
The amount of time that transfers usually take from a UK account is what?I just completed a transfer and it is not showing up at all. I'm wondering at this point if everything is actually okay.,balance_not_updated_after_bank_transfer,balance_not_updated_after_bank_transfer,0.9567505097739226,True
When will my transfer be available in my account.,balance_not_updated_after_bank_transfer,transfer_timing,0.7301451928002756,True
I didn't get the money I transferred,balance_not_updated_after_bank_transfer,balance_not_updated_after_bank_transfer,0.3893167083908026,False
I just completed a bank transfer and the balance didn't update,balance_not_updated_after_bank_transfer,balance_not_updated_after_bank_transfer,0.9537034734154475,True
I transferred some money but I think it has gotten lost somewhere.,balance_not_updated_after_bank_transfer,balance_not_updated_after_bank_transfer,0.3301028515130921,False
How long does a UK transfer take?,balance_not_updated_after_bank_transfer,balance_not_updated_after_bank_transfer,0.4438361842853372,False
Hello I made a bank transfer couple hours ago from my UK account but it doesn't show up yet. Can you please check if everything is alright with it?,balance_not_updated_after_bank_transfer,balance_not_updated_after_bank_transfer,0.9963914507041939,True
I made a transfer and am still waiting.,balance_not_updated_after_bank_transfer,balance_not_updated_after_bank_transfer,0.7286009912338501,True
I made an out of country transfer and it hasn't went through yet.,balance_not_updated_after_bank_transfer,pending_transfer,0.35356894365410324,False
"After the transfer, the balance did not update.",balance_not_updated_after_bank_transfer,balance_not_updated_after_bank_transfer,0.9637902065111545,True
"Could you please check one of my transfer which i made few hours ago from my UK bank account, as its not showing yet.",balance_not_updated_after_bank_transfer,balance_not_updated_after_bank_transfer,0.9795369759494722,True
I had cash transferred but the balance did not change.,balance_not_updated_after_bank_transfer,balance_not_updated_after_bank_transfer,0.9491008339077627,True
I can't see my latest bank transfer,balance_not_updated_after_bank_transfer,balance_not_updated_after_bank_transfer,0.9609944479221015,True
My bank transfer is still not showing up in my account.,balance_not_updated_after_bank_transfer,balance_not_updated_after_bank_transfer,0.9878489193953865,True
I made a transfer and it doesnt' show up in my account.,balance_not_updated_after_bank_transfer,balance_not_updated_after_bank_transfer,0.5079130185892411,True
I transferred some money but it is yet to arrive.,balance_not_updated_after_bank_transfer,balance_not_updated_after_bank_transfer,0.6389020859806308,True
Why is my balance the same?  I processed a transfer.,balance_not_updated_after_bank_transfer,balance_not_updated_after_bank_transfer,0.8028105399351371,True
Why don't I have my transfer?,balance_not_updated_after_bank_transfer,failed_transfer,0.493159096059335,True
Why isn't the transfer on my account showing up?,balance_not_updated_after_bank_transfer,balance_not_updated_after_bank_transfer,0.9526947051566026,True
The  money I transferred does not show in the balance.,balance_not_updated_after_bank_transfer,balance_not_updated_after_bank_transfer,0.9733405591171225,True
I have completed a transfer but it is not showing up.,balance_not_updated_after_bank_transfer,balance_not_updated_after_bank_transfer,0.5706156863953026,True
I did a transfer to my account but it doesn't show up,balance_not_updated_after_bank_transfer,balance_not_updated_after_bank_transfer,0.8490136972570627,True
How long until my transfer will be available to me,balance_not_updated_after_bank_transfer,pending_transfer,0.5130804399433841,True
Why doesn't it show that I did a balance transfer?,balance_not_updated_after_bank_transfer,balance_not_updated_after_bank_transfer,0.9668241171335257,True
"I made a bank transfer a couple of hours ago from my UK account.  It hasn't appeared, can you check to make sure it went through?",balance_not_updated_after_bank_transfer,balance_not_updated_after_bank_transfer,0.9858243903400314,True
My transfer is pending.,balance_not_updated_after_bank_transfer,pending_transfer,0.9931511398710191,True
"Hey, I try to make a bank transfer from my UK account a few hours ago, but it haven't show up yet. Please check my account to make sure everything alright with it?",balance_not_updated_after_bank_transfer,balance_not_updated_after_bank_transfer,0.9858542726902275,True
Where is my transfer from [country]?,balance_not_updated_after_bank_transfer,balance_not_updated_after_bank_transfer,0.5479167917664357,True
I made a bank transfer and my account balance did not show it.,balance_not_updated_after_bank_transfer,balance_not_updated_after_bank_transfer,0.9921063165803102,True
Where is my money? I transfered it and it isn't in my account.,balance_not_updated_after_bank_transfer,transfer_not_received_by_recipient,0.36099275490149957,False
I need to know the time frame that is typical for a transfer from a UK account. I just made a transfer and it doesn't appear. I want to make sure everything is okay.,balance_not_updated_after_bank_transfer,balance_not_updated_after_bank_transfer,0.8942115133677909,True
Why doesn't my balance reflect my transfer,balance_not_updated_after_bank_transfer,balance_not_updated_after_bank_transfer,0.9862739377483691,True
My account balance has not gone up even though I just transferred money into it,balance_not_updated_after_bank_transfer,balance_not_updated_after_bank_transfer,0.9083933735139175,True
When will I see my new balance after making my bank transfer?,balance_not_updated_after_bank_transfer,balance_not_updated_after_bank_transfer,0.9987049634469242,True
Think someone has took money out with my card. What shall I do?,cash_withdrawal_not_recognised,compromised_card,0.41730705943993185,False
There is a withdrawal that isn't mind in the app.,cash_withdrawal_not_recognised,cash_withdrawal_not_recognised,0.9741087053288427,True
I just lost my wallet and I see that they are already withdrawing money from my account. How can I stop this?,cash_withdrawal_not_recognised,cash_withdrawal_not_recognised,0.8409629321549794,True
"I didn't get cash from an ATM, but the app says I did",cash_withdrawal_not_recognised,cash_withdrawal_not_recognised,0.9030540704555012,True
My app shows some cash I didn't get.,cash_withdrawal_not_recognised,cash_withdrawal_not_recognised,0.8122013964676319,True
Why is there a random withdrawal in my app?,cash_withdrawal_not_recognised,cash_withdrawal_not_recognised,0.9784597220772828,True
There is a suspicious cash withdraw on the account.,cash_withdrawal_not_recognised,cash_withdrawal_not_recognised,0.8797530370194026,True
"I didn't get cash from an ATM, but according to the app a transaction was made when i didn't make it.",cash_withdrawal_not_recognised,cash_withdrawal_not_recognised,0.7690895272912428,True
The app said I withdrew cash at an ATM and I didn't,cash_withdrawal_not_recognised,cash_withdrawal_not_recognised,0.3340698892136197,False
My app says that I received cash from an ATM and I didn't.,cash_withdrawal_not_recognised,cash_withdrawal_not_recognised,0.8892836706616317,True
"How do I freeze my bank card, as there has been a strange withdrawal?",cash_withdrawal_not_recognised,cash_withdrawal_not_recognised,0.8623555043710167,True
I see a cash withdrawal that I did not perform.,cash_withdrawal_not_recognised,cash_withdrawal_not_recognised,0.9352639315281274,True
I checked the app and saw an extra cash withdrawal that I didn't authorize,cash_withdrawal_not_recognised,cash_withdrawal_not_recognised,0.9655598920876179,True
I have a strange cash withdrawal in my statement,cash_withdrawal_not_recognised,cash_withdrawal_not_recognised,0.9272402195482562,True
There's a cash withdraw on my statement that I didn't make.,cash_withdrawal_not_recognised,cash_withdrawal_not_recognised,0.958661179500235,True
i think someone is using my card to withdraw money. Someone stole my wallet. What can I do? it is urgent.,cash_withdrawal_not_recognised,cash_withdrawal_not_recognised,0.873019388396115,True
I am seeing in the App a some cash withdrawal that its not mine,cash_withdrawal_not_recognised,cash_withdrawal_not_recognised,0.9771197141584494,True
My account has a weird withdrawal.,cash_withdrawal_not_recognised,cash_withdrawal_not_recognised,0.5373787679123945,True
I'm unsure of a withdrawl in my statement.,cash_withdrawal_not_recognised,cash_withdrawal_not_recognised,0.41019512510956013,False
"It looks like someone else withdrew cash from my account, can you help?",cash_withdrawal_not_recognised,cash_withdrawal_not_recognised,0.8366507641945646,True
I think I see a withdraw I did not make.,cash_withdrawal_not_recognised,cash_withdrawal_not_recognised,0.8169904779964868,True
Some cash is showing up in my app that I did not get.,cash_withdrawal_not_recognised,cash_withdrawal_not_recognised,0.975253407802341,True
There is an unauthorized cash withdrawal from my account for 500£.  I definitely didn't make this withdrawal.  I need your help.,cash_withdrawal_not_recognised,cash_withdrawal_not_recognised,0.9895256622125645,True
The app is showing an ATM withdrawl that I didn't make.,cash_withdrawal_not_recognised,cash_withdrawal_not_recognised,0.8660835957471431,True
There is a odd withdrawal on my account.,cash_withdrawal_not_recognised,cash_withdrawal_not_recognised,0.9847518250005399,True
I need to cancel my card that got stolen a little while ago. Someone has already taken some money out and I don't want them to take anymore. Can you please do that?,cash_withdrawal_not_recognised,cash_withdrawal_not_recognised,0.2249024353903334,False
How do I cancel my card? There are charges on my account that I didn't make.,cash_withdrawal_not_recognised,card_payment_not_recognised,0.6026052331546154,True
"There is an error, the app says I made an ATM withdrawal and I didn't.",cash_withdrawal_not_recognised,cash_withdrawal_not_recognised,0.9347217710431044,True
"Can anyone help me, I lost my wallet and they've started withdrawing from my account.",cash_withdrawal_not_recognised,cash_withdrawal_not_recognised,0.7227571128777587,True
What do I do if I notice a strange withdrawl in my statement?,cash_withdrawal_not_recognised,cash_withdrawal_not_recognised,0.7537560761347193,True
I don't recognise a cash withdrawal,cash_withdrawal_not_recognised,cash_withdrawal_not_recognised,0.728476941929014,True
Help!  My wallet was stolen and someone is taking money out.  I need this money!  What can I do?,cash_withdrawal_not_recognised,cash_withdrawal_not_recognised,0.7482831720230384,True
There is a cash withdrawal transaction that I am unsure of.,cash_withdrawal_not_recognised,cash_withdrawal_not_recognised,0.4656649723148653,False
I didn't take out money from an ATM but my app statement shows that I did. How can I fix this?,cash_withdrawal_not_recognised,cash_withdrawal_not_recognised,0.8707719396907521,True
"Someone has stolen my card. Even though I have my card with me, someone just made a 500£ cash withdrawal. Please help as soon as possible.",cash_withdrawal_not_recognised,cash_withdrawal_not_recognised,0.9728561045025851,True
Cash I didn't get shows in my app.,cash_withdrawal_not_recognised,cash_withdrawal_not_recognised,0.8896602725108131,True
There is a problem with my card. Somebody has removed money from my account in a town I haven't been to. Can you please freeze my account immediately?,cash_withdrawal_not_recognised,cash_withdrawal_not_recognised,0.519842908661557,True
There is an ATM withdrawl in the app I don't recognize.,cash_withdrawal_not_recognised,cash_withdrawal_not_recognised,0.7041966454600249,True
A cash withdrawal is showing up that I didn't do.,cash_withdrawal_not_recognised,cash_withdrawal_not_recognised,0.9632790611645691,True
The app made a mistake and said I made a cash withdrawal.,cash_withdrawal_not_recognised,cash_withdrawal_not_recognised,0.8375569183020584,True
Is there an exchange fee?,exchange_charge,exchange_charge,0.9940660358504209,True
whats your exchange rate,exchange_charge,exchange_rate,0.9733681409495177,True
What are your currency exchange fees?,exchange_charge,exchange_charge,0.7021913790776243,True
Where do I find the exchange rate?,exchange_charge,exchange_rate,0.9576188975012333,True
What is the base amount for cross-currency exchanges?,exchange_charge,exchange_charge,0.6484926656271106,True
"My work sends me all over the world, can I get a discount for all the money I have to exchange?",exchange_charge,exchange_charge,0.44426774398134655,False
How much more do I have to pay to exchange currencies?,exchange_charge,exchange_charge,0.9870042255453703,True
Is there a fee for exchanging currencies?,exchange_charge,exchange_charge,0.9930702128594397,True
How much does it cost to exchange currencies?,exchange_charge,exchange_charge,0.9605801714385058,True
whats the exchange charge,exchange_charge,exchange_charge,0.524012742719155,True
Is there any discount for someone that exchanges currencies frequently?,exchange_charge,exchange_charge,0.9959658713279371,True
Is there a fee to exchange foreign money?,exchange_charge,exchange_charge,0.9649031202228315,True
Do I have to pay for exchanging currencies?,exchange_charge,exchange_charge,0.9853074629975621,True
Does it cost extra to exchange currencies?,exchange_charge,exchange_charge,0.8558957827875641,True
Is there a fee for exchanging foreign currencies?,exchange_charge,exchange_charge,0.9979487730512127,True
Will I be charged a fee for exchanging foreign currencies?,exchange_charge,exchange_charge,0.9945049315615597,True
"How much is a cross currency exchange, and can I check to see if I have any discounts available?",exchange_charge,exchange_charge,0.9271707880563113,True
Do you offer a discount on multiple currency exchanges?,exchange_charge,exchange_charge,0.9003023892101958,True
How much do I have to pay for the exchange fee?,exchange_charge,exchange_charge,0.9966623865413775,True
"If I want to exchange currency, will there be extras?",exchange_charge,exchange_charge,0.7240672355738664,True
If I need to exchange currency is there an extra fee?,exchange_charge,exchange_charge,0.9703422470670505,True
I was wondering if there were any discounts offered for frequent currency exchanges?,exchange_charge,exchange_charge,0.9903605673921527,True
Would I be charged for exchanging currencies?,exchange_charge,exchange_charge,0.9688143064559428,True
What is the exchange fee?,exchange_charge,exchange_charge,0.9773885633227093,True
Does it cost to exchange currencies with this card?,exchange_charge,exchange_via_app,0.7360546061707894,True
how much you charge for exhcange,exchange_charge,exchange_charge,0.437536235576474,False
Are there any extra hidden fees for exchanging currencies?,exchange_charge,exchange_charge,0.9776003757527908,True
"When I travel, what will it cost to switch for my currency?",exchange_charge,exchange_via_app,0.2464796371523479,False
How much will I pay to exchange foreign currency?,exchange_charge,exchange_charge,0.9900509622095633,True
Does it cost money for currency exchange services?,exchange_charge,exchange_charge,0.7693004820420807,True
Are there extra charges for exchanging currency?,exchange_charge,exchange_charge,0.9742326062625547,True
"I will need to exchange currencies frequently, will I be able to get a discount?",exchange_charge,exchange_charge,0.9434885493055694,True
Is there a charge for a foreign currency exchange?,exchange_charge,exchange_charge,0.9804611672278296,True
Is there a discount for frequently exchanging currencies?,exchange_charge,exchange_charge,0.9982570624784807,True
What is the cost for an exchange fee?,exchange_charge,exchange_charge,0.98896823168612,True
Will it cost more money if my currency needs to be exchanged?,exchange_charge,exchange_charge,0.6044613577210122,True
"I would like to exchange currencies, but is there an extra charge to do so?",exchange_charge,exchange_charge,0.7520754891240969,True
Does it cost anything for exchanges?,exchange_charge,exchange_charge,0.6620309411938495,True
Can I exchange money from abroad without additional costs?,exchange_charge,wrong_exchange_rate_for_cash_withdrawal,0.39864369277449413,False
does it cost to exchange currencies?,exchange_charge,exchange_charge,0.767950094875127,True
Is there a fee for using a European bank card to top up?,top_up_by_card_charge,top_up_by_card_charge,0.9920421014648091,True
Are there any fees for adding money with an international card?,top_up_by_card_charge,top_up_by_card_charge,0.995503937431527,True
i was charged when i used a us issued card. why and what cards are free to use to add money,top_up_by_card_charge,top_up_by_card_charge,0.3782075159382629,False
Any hidden fees associated with the international card if money is added?,top_up_by_card_charge,top_up_by_card_charge,0.38173290198300586,False
Will I get charged for topping off my card?,top_up_by_card_charge,top_up_by_card_charge,0.847193914567371,True
Are there charges for topping up US cards?,top_up_by_card_charge,top_up_by_card_charge,0.9957737106638225,True
Are there fees for top ups?,top_up_by_card_charge,top_up_by_card_charge,0.9788077469809362,True
What are the charges for US cards with top up.,top_up_by_card_charge,top_up_by_card_charge,0.9185476703480565,True
Is there an additional charge for topping up using a European card?,top_up_by_card_charge,top_up_by_card_charge,0.9762717283443902,True
In exchange for top ups will you take fees?,top_up_by_card_charge,top_up_by_card_charge,0.6009358348102534,True
I just topped off my card will I be charged for it?,top_up_by_card_charge,top_up_by_card_charge,0.323495965021107,False
How much does it cost to top up by card?,top_up_by_card_charge,top_up_by_card_charge,0.7980947447259628,True
Are there any fees if I use a European bank card for a top up?,top_up_by_card_charge,top_up_by_card_charge,0.9940664934103981,True
What are the top-up fees?,top_up_by_card_charge,top_up_by_card_charge,0.30106205478212167,False
How much is the charge to top up my card?,top_up_by_card_charge,top_up_by_card_charge,0.819026859985741,True
How much can I expect to pay to top up a US card?,top_up_by_card_charge,top_up_by_card_charge,0.4073981848592972,False
What fee is included if I top up by card?,top_up_by_card_charge,top_up_by_card_charge,0.3510982196638785,False
"If I use a European bank card for top up, Do I get charged?",top_up_by_card_charge,top_up_by_card_charge,0.9682034113428927,True
Will there be any extra fees for European bank card for top up?,top_up_by_card_charge,top_up_by_card_charge,0.9933713986419244,True
Will I be charged if I use European bank card for top up?,top_up_by_card_charge,top_up_by_card_charge,0.985758649133504,True
I want to use a European bank card for a top up. Must I pay?,top_up_by_card_charge,top_up_by_card_charge,0.8445399614785184,True
Will I be charged for topping up by card?,top_up_by_card_charge,top_up_by_card_charge,0.9153713160430262,True
Is there a fee for topping up,top_up_by_card_charge,top_up_by_card_charge,0.9217086109173082,True
What do you charge for top ups?,top_up_by_card_charge,top_up_by_card_charge,0.9233252582429824,True
Will it cost anything to top up a US card?,top_up_by_card_charge,top_up_by_card_charge,0.9777147084287963,True
Does topping up my card have a fee?,top_up_by_card_charge,top_up_by_card_charge,0.7223166589609421,True
Are there fees for adding money using an international card,top_up_by_card_charge,top_up_by_card_charge,0.9956924431321665,True
"When using a US card, what is the cost for a top up/off?",top_up_by_card_charge,top_up_by_card_charge,0.8248705127595859,True
"I need to use a European card for a top up, what will the charge be?",top_up_by_card_charge,top_up_by_card_charge,0.9459671776650082,True
Is it okay to use a bank card to top up,top_up_by_card_charge,transfer_into_account,0.27465333135922804,False
Any fee for topping up?,top_up_by_card_charge,top_up_by_card_charge,0.9733236086759789,True
Are there any fees for top ups?,top_up_by_card_charge,top_up_by_card_charge,0.9800353242600325,True
What are the fees of using an international card to add money?,top_up_by_card_charge,top_up_by_card_charge,0.9815903300986788,True
Is there a charge or discount if I use a European bank in a top up?,top_up_by_card_charge,top_up_by_card_charge,0.8801302291262699,True
Is their a fee for top ups?,top_up_by_card_charge,top_up_by_card_charge,0.9296374267296106,True
Can I top up using an international card,top_up_by_card_charge,top_up_by_card_charge,0.9467167336147948,True
What will happen if I want to add money using an international card? Will I run into any fees?,top_up_by_card_charge,top_up_by_card_charge,0.9592418564912205,True
Are there any extra fees for adding money into the international card?,top_up_by_card_charge,top_up_by_card_charge,0.9838037667666458,True
What are the fees for top ups?,top_up_by_card_charge,top_up_by_card_charge,0.9741175759503643,True
What are the top up charges for US cards?,top_up_by_card_charge,top_up_by_card_charge,0.988178872266458,True
Could you please activate my card,activate_my_card,activate_my_card,0.9851113654000214,True
I need to activate my card can you do that now?,activate_my_card,activate_my_card,0.9931892571290526,True
What do I need to do to activate my new card?,activate_my_card,activate_my_card,0.9997220060867643,True
Tell me how to go about activating my new card?,activate_my_card,activate_my_card,0.9982778996297358,True
How can I activate my card so I can start using it?,activate_my_card,activate_my_card,0.9834909280766526,True
How long will it take to activate my new card?,activate_my_card,activate_my_card,0.9914546175890113,True
What's the right way to activate my card?,activate_my_card,activate_my_card,0.9865084218429794,True
"I received my new card, how is it activated?",activate_my_card,activate_my_card,0.943515000393023,True
Is there a way my new card can be renewed?,activate_my_card,card_arrival,0.6803939172415754,True
How do I activate a card I received?,activate_my_card,activate_my_card,0.9568814077992582,True
Why can't I activate my card?,activate_my_card,activate_my_card,0.995421360652108,True
What is the process of card activation?,activate_my_card,activate_my_card,0.9707608395976111,True
WHAT CAN I DO AFTER THE CARD MISSING,activate_my_card,lost_or_stolen_card,0.4522650445159119,False
I got my new card where do I go to activate it?,activate_my_card,activate_my_card,0.966987305540853,True
Would like to use my card and need to activate it first.  Can you help me do this?,activate_my_card,activate_my_card,0.9333481186882021,True
I need help activating my new card.,activate_my_card,activate_my_card,0.9991671498942166,True
how to activate card?,activate_my_card,activate_my_card,0.9979656191740289,True
"Please, activate my card",activate_my_card,activate_my_card,0.9976542958385081,True
I tried activating my bill of fare and it didn't workplace,activate_my_card,activate_my_card,0.9437008848660128,True
"I just got my card and want to use it, how do I activate my card?",activate_my_card,activate_my_card,0.9954199207123264,True
I have a new card and I want to activate it,activate_my_card,activate_my_card,0.9907613118768784,True
Assist me please with card activation.,activate_my_card,activate_my_card,0.9704226378431162,True
I need help with activating my card,activate_my_card,activate_my_card,0.9972885692921846,True
How can I start using my card?,activate_my_card,card_payment_fee_charged,0.11246348833536347,False
Activating my card,activate_my_card,activate_my_card,0.9997332738295965,True
When will my card be activated?,activate_my_card,activate_my_card,0.962208790024972,True
How can I activate my card>,activate_my_card,activate_my_card,0.9995815639974861,True
What are the steps in order to activate my new card?,activate_my_card,activate_my_card,0.9951956131801569,True
How do I go about activating my new card?,activate_my_card,activate_my_card,0.9981284945332732,True
What is the activation process on my new card?,activate_my_card,activate_my_card,0.9930130620831858,True
I would like to get help from someone with activating my card.,activate_my_card,activate_my_card,0.9720546591931546,True
What is the process for activating my card?,activate_my_card,activate_my_card,0.992614708226345,True
How do I use my new card?,activate_my_card,activate_my_card,0.39860846472202427,False
I got my new card but I am not sure if it need s activated and how?,activate_my_card,activate_my_card,0.9504482814382667,True
What are the steps to activating a new card?,activate_my_card,activate_my_card,0.9900940619237643,True
"I would like to activate my card to use now, can you help me?",activate_my_card,activate_my_card,0.9582108522822547,True
How do I activate a new card?,activate_my_card,activate_my_card,0.9980256744915885,True
I just got this card & I don't know how to activate it.,activate_my_card,activate_my_card,0.9920041928376373,True
I got my new card. How do I activate it?,activate_my_card,activate_my_card,0.9959035254735483,True
What do I need to do to activate my card?,activate_my_card,activate_my_card,0.9994868267249091,True
I see some fees for cash withdraw.,cash_withdrawal_charge,cash_withdrawal_charge,0.7083870317557877,True
How come I was charged extra when I withdrew cash?,cash_withdrawal_charge,cash_withdrawal_charge,0.97630961746693,True
Why am I being charged when I withdraw cash?,cash_withdrawal_charge,cash_withdrawal_charge,0.9567808469030985,True
What is this charge on my account for a cash withdrawl?,cash_withdrawal_charge,cash_withdrawal_charge,0.5576475255533689,True
Why are fees charged on cash withdrawals? I went to withdraw some money earlier today after shopping. There's a fee that wasn't there before.,cash_withdrawal_charge,cash_withdrawal_charge,0.9449195217852105,True
"How come you charge for cash withdrawals? I withdrew cash after buying groceries today, and there seems to be a new fee",cash_withdrawal_charge,cash_withdrawal_charge,0.9690253521731176,True
It looks like I was charged a withdrawal fee for going to my ATM. Why is that because I haven't been charged previously for doing so?,cash_withdrawal_charge,cash_withdrawal_charge,0.8245754034030612,True
"Do ATM cash withdrawals carry a charge now? They've been free in the past, but all of a sudden I have to pay to make ATM withdrawals?",cash_withdrawal_charge,cash_withdrawal_charge,0.8946451531810264,True
Why is there an extra charge for money that was withdrawn?,cash_withdrawal_charge,cash_withdrawal_charge,0.9070919169330066,True
Why was I charged a fee for withdrawing cash?,cash_withdrawal_charge,cash_withdrawal_charge,0.9992302554662008,True
Why did I get a fee?,cash_withdrawal_charge,card_payment_fee_charged,0.6501412066922465,True
Why did my cash get charged a fee that should not be there.,cash_withdrawal_charge,cash_withdrawal_charge,0.5663148190288234,True
Why did I have to pay a fee when I got cash?,cash_withdrawal_charge,cash_withdrawal_charge,0.8793408800124629,True
"Hi, I am calling about a recent transaction that has happened on my account.  I recently went to the ATM, and tried to make a withdrawal on my account.  I just happened to check my transaction slip and noticed a fee for my withdrawal.  How can I resolve this, I didn't know fees were charged for this type of action.",cash_withdrawal_charge,cash_withdrawal_charge,0.5246560927156977,True
A fee was charged for my recent withdrawal.,cash_withdrawal_charge,cash_withdrawal_charge,0.971256886187693,True
I got a fee for an ATM withdrawal.,cash_withdrawal_charge,cash_withdrawal_charge,0.99303748649366,True
What is the reason for this fee I got after a simple cash withdrawal?,cash_withdrawal_charge,cash_withdrawal_charge,0.8489074761302075,True
Did you start charging for cash withdrawals? I thought it was free so far but noticed suddendly there is a fee. How much do I need to pay?,cash_withdrawal_charge,cash_withdrawal_charge,0.9306269507080666,True
Is there a fee for withdrawing cash?,cash_withdrawal_charge,cash_withdrawal_charge,0.9963951515509493,True
"I've notice I was charged for withdrawing cash, can you explain why?",cash_withdrawal_charge,cash_withdrawal_charge,0.9663012416213208,True
Why was my account charged for using an ATM?,cash_withdrawal_charge,cash_withdrawal_charge,0.9768996331038625,True
Why is there a charge on my account for taking out cash?,cash_withdrawal_charge,cash_withdrawal_charge,0.8426589380287915,True
An ATM fee was attached to my recent withdrawal.,cash_withdrawal_charge,cash_withdrawal_charge,0.8578394280803582,True
I thought cash withdrawals didn't have a fee,cash_withdrawal_charge,cash_withdrawal_charge,0.8378345227567957,True
Why did I get charged a fee when I tried to obtain cash?,cash_withdrawal_charge,cash_withdrawal_charge,0.8356074744495257,True
"While I was checking out in the grocery store, I realized I needed cash so I requested some.  However, I noticed there was a fee for this transaction.  Why did I get charged a fee?",cash_withdrawal_charge,cash_withdrawal_charge,0.48136311024061373,False
Using an ATM caused me to incur an additional fee. Why?,cash_withdrawal_charge,cash_withdrawal_charge,0.6935991118844169,True
I was charged extra for a withdrawal,cash_withdrawal_charge,cash_withdrawal_charge,0.9823134875075218,True
Is there a limit on how much I can withdraw from my account without being charged?,cash_withdrawal_charge,cash_withdrawal_charge,0.48871250771015234,True
"I thought cash withdrawals were free? Why have I been charged a fee? Also, how much is this fee?",cash_withdrawal_charge,cash_withdrawal_charge,0.9032999181604642,True
"More fees, this time for withdrawing my own cash. Why are you robbing me?",cash_withdrawal_charge,cash_withdrawal_charge,0.842646229276404,True
I have never been charged a fee for cash withdrawal before. When did that change?,cash_withdrawal_charge,cash_withdrawal_charge,0.96212466204037,True
I was charged for a cash withdrawal.,cash_withdrawal_charge,cash_withdrawal_charge,0.9895084108441539,True
Why did you charge me for a cash withdrawal?,cash_withdrawal_charge,cash_withdrawal_charge,0.9676863430084329,True
I took cash and got charged a fee,cash_withdrawal_charge,cash_withdrawal_charge,0.9664937999495975,True
Was charged an ATM fee despite it being a small withdrawal on the 1st day of the month. I thought I was allowed 200 per month?,cash_withdrawal_charge,cash_withdrawal_charge,0.7705496009487727,True
I had a wrong fee charged at this ATM.,cash_withdrawal_charge,cash_withdrawal_charge,0.5194193145194403,True
"When I got cash, I'm pretty sure there was a glitch that overcharged me.",cash_withdrawal_charge,wrong_exchange_rate_for_cash_withdrawal,0.31630522575941256,False
"My account got charged for taking out cash, why did this happen?",cash_withdrawal_charge,cash_withdrawal_charge,0.8337960592064318,True
Why is there a fee for withdrawing?,cash_withdrawal_charge,cash_withdrawal_charge,0.9880504408308808,True
Am I able to order a new card and have it sent to me in China?,card_about_to_expire,card_about_to_expire,0.9785622647415738,True
Will you be able to send the new card to China?,card_about_to_expire,card_about_to_expire,0.9181941255356132,True
When my card expires what happens to my account?,card_about_to_expire,card_about_to_expire,0.9642741357512322,True
What do I do when my card expires?,card_about_to_expire,card_about_to_expire,0.9962581349341242,True
The expiration date on my card is coming up,card_about_to_expire,card_about_to_expire,0.9338922547693063,True
"My card's expiring, what happens now?",card_about_to_expire,card_about_to_expire,0.6645264266672672,True
My card is about to expire. What do I need to do?,card_about_to_expire,card_about_to_expire,0.9876278421055644,True
how long and how much does it cost for new card,card_about_to_expire,order_physical_card,0.21304100696678602,False
What do I do if my card is expiring soon?,card_about_to_expire,card_about_to_expire,0.9348011269542502,True
How much does it cost to get a new card?  Mine is almost expired.  How fast does it come?,card_about_to_expire,card_about_to_expire,0.8544915317641942,True
"Since my card is about to expire, what do I do to get a new one?",card_about_to_expire,card_about_to_expire,0.9941152621015781,True
My card is about to expire and I need to know how much it costs and how long it takes to get a new one.,card_about_to_expire,card_about_to_expire,0.9620865027576998,True
When my card expires do you send a new card?,card_about_to_expire,card_about_to_expire,0.9948021385463951,True
What is the next step if my card is about to expire.,card_about_to_expire,card_about_to_expire,0.9792554651573485,True
"Once my card expires, what should I do?",card_about_to_expire,card_about_to_expire,0.9719808319434035,True
"I need a new card, my current card is nearly expired.",card_about_to_expire,card_about_to_expire,0.9390020052621953,True
"It appears my card expires next month, can I order a new one?",card_about_to_expire,card_about_to_expire,0.9966699991913011,True
My card is about to expire. How much does it cost to order a new one and how fast will I get it?,card_about_to_expire,card_about_to_expire,0.9923991721575496,True
What do I do when my card is about to expire?,card_about_to_expire,card_about_to_expire,0.9961780796520461,True
"I will need to get a new card soon, how do I order?",card_about_to_expire,card_about_to_expire,0.4706965139878393,False
going to need a new card what are the fees and time it takes,card_about_to_expire,card_about_to_expire,0.39382545455538503,False
Will I need to order a new card since mine expires next month?,card_about_to_expire,card_about_to_expire,0.9915976011907962,True
"When my card expires, will I get a new one mailed to me?",card_about_to_expire,card_about_to_expire,0.9940160243361701,True
Do you have to order a new card before your current card expires?,card_about_to_expire,card_about_to_expire,0.985933631436493,True
"Since my card is about to expire, I need a new one.",card_about_to_expire,card_about_to_expire,0.9916574397418085,True
My card is very close to expiring. When can I order a new one and how do I do so?,card_about_to_expire,card_about_to_expire,0.9799253966701508,True
"I need to order a  new card, mine is about to expire and I need to know how much it will cost and how long until I receive it.",card_about_to_expire,card_about_to_expire,0.9422768183857713,True
How do I order a new card before It expires?,card_about_to_expire,card_about_to_expire,0.99678853932521,True
Can I receive a new card while I am in China?,card_about_to_expire,card_about_to_expire,0.9495646889704232,True
"Next month my card will expire, do I need to order a new one?",card_about_to_expire,card_about_to_expire,0.9922661110772647,True
The expiration date of my card is approaching .,card_about_to_expire,card_about_to_expire,0.9302895245101127,True
"How can I get a new card ASAP to replace an old, soon to expire one?",card_about_to_expire,card_about_to_expire,0.9871082926112796,True
I need a new card since my old one is about to expire.,card_about_to_expire,card_about_to_expire,0.9931954675627466,True
My card is about to expire.,card_about_to_expire,card_about_to_expire,0.9980694457219261,True
"My card is expiring shortly.  How much will it cost for a replacement, and how soon can I get it?",card_about_to_expire,card_about_to_expire,0.9130177808474567,True
What would the price be for an expired card replacement and how long will it take me to get it?,card_about_to_expire,card_about_to_expire,0.7961309888757241,True
"in china, need new card",card_about_to_expire,card_about_to_expire,0.9719182649969411,True
"If my card is about to expire, do I need to order a new one?",card_about_to_expire,card_about_to_expire,0.997864659257888,True
My card is about to expire. How do I get a new one?,card_about_to_expire,card_about_to_expire,0.998860223338733,True
I need to know the cost and when I will receive a new card to replace an old one.,card_about_to_expire,card_about_to_expire,0.40619454321014187,False
Is the top up feature available on the Apple Watch?,apple_pay_or_google_pay,apple_pay_or_google_pay,0.8551862039358908,True
Can I use the system Google Pay for top-ups?,apple_pay_or_google_pay,apple_pay_or_google_pay,0.8745137447928079,True
My top-up for Google Pay isn't working,apple_pay_or_google_pay,apple_pay_or_google_pay,0.9650082101455802,True
Can I add money with Apple Pay?,apple_pay_or_google_pay,apple_pay_or_google_pay,0.9916722330042451,True
Can I use my Apple Watch to to top up?,apple_pay_or_google_pay,apple_pay_or_google_pay,0.9946084789983599,True
Does Apple Pay give the option to top up?,apple_pay_or_google_pay,apple_pay_or_google_pay,0.9450756898980234,True
Top up on my Google Pay isn't working.,apple_pay_or_google_pay,apple_pay_or_google_pay,0.9947304555377781,True
Is it possible to top up with Apple Pay?,apple_pay_or_google_pay,apple_pay_or_google_pay,0.9951195226493449,True
do i have to setup apple pay to use it,apple_pay_or_google_pay,apple_pay_or_google_pay,0.9265768970007595,True
Can I use Apple Pay to top up?,apple_pay_or_google_pay,apple_pay_or_google_pay,0.9963522513080955,True
How can I top up my Google Pay?,apple_pay_or_google_pay,apple_pay_or_google_pay,0.99863369233996,True
Does Google Play have an app to Top up?,apple_pay_or_google_pay,apple_pay_or_google_pay,0.9558800569156841,True
"I received my American Express card, but I am having problems making it work with Apple pay.  Can you help me with this problem?",apple_pay_or_google_pay,apple_pay_or_google_pay,0.6746652198264746,True
is apple pay eligible for top up,apple_pay_or_google_pay,apple_pay_or_google_pay,0.9789457566353879,True
Why can't I use my American Express with Apple Pay to top up my account?,apple_pay_or_google_pay,apple_pay_or_google_pay,0.884201530775329,True
how do i add money with my apple watch,apple_pay_or_google_pay,apple_pay_or_google_pay,0.9767370510796429,True
"If I want to top up, can I use Apple Pay?",apple_pay_or_google_pay,apple_pay_or_google_pay,0.9872958722091264,True
can i top up with apple pay,apple_pay_or_google_pay,apple_pay_or_google_pay,0.9990943774601376,True
"My American express is experiencing a problem with apple play with top up, can you fix it?",apple_pay_or_google_pay,apple_pay_or_google_pay,0.6809785773414525,True
My top up is not working in Apple Pay.,apple_pay_or_google_pay,apple_pay_or_google_pay,0.9890557167085159,True
Is Apple Pay a possible top up option?,apple_pay_or_google_pay,apple_pay_or_google_pay,0.9831502093150354,True
I don't know how to top up my Google pay.,apple_pay_or_google_pay,apple_pay_or_google_pay,0.9823871052085734,True
Can I top up from my Apple Watch?,apple_pay_or_google_pay,apple_pay_or_google_pay,0.9938583245259995,True
Can I use my American Express stored in Apple Pay to top up?,apple_pay_or_google_pay,apple_pay_or_google_pay,0.923615851769864,True
is apple pay costly?,apple_pay_or_google_pay,apple_pay_or_google_pay,0.9985071380451526,True
How can I top up with Google Pay?,apple_pay_or_google_pay,apple_pay_or_google_pay,0.9986503944380666,True
I can't top up my account using my American Express with Apple Pay.,apple_pay_or_google_pay,apple_pay_or_google_pay,0.8991789216527041,True
"I got my American Express in Apple Pay, why is top up not working?",apple_pay_or_google_pay,apple_pay_or_google_pay,0.9923693361964339,True
I got my American Express in Apple Bay but top up is not working,apple_pay_or_google_pay,apple_pay_or_google_pay,0.9719650161700627,True
How do I top up? Can I use my apple watch?,apple_pay_or_google_pay,apple_pay_or_google_pay,0.9846705549091685,True
Is it possible to use Apple Pay to put money in my account?,apple_pay_or_google_pay,apple_pay_or_google_pay,0.7915624442725434,True
"My American Express is in my Apple Pay and the top up is failing, why?",apple_pay_or_google_pay,apple_pay_or_google_pay,0.9618009799495939,True
How can I top-ff my account using my Apple Watch?,apple_pay_or_google_pay,apple_pay_or_google_pay,0.9669921536688041,True
can google pay be used to make a top-up,apple_pay_or_google_pay,apple_pay_or_google_pay,0.9818193994123199,True
How do I get the Top Up feature on my apple watch working?,apple_pay_or_google_pay,apple_pay_or_google_pay,0.9491451683507561,True
How do I troubleshoot Google pay top up?,apple_pay_or_google_pay,apple_pay_or_google_pay,0.9953172903320252,True
How do I top up with Apple Pay?,apple_pay_or_google_pay,apple_pay_or_google_pay,0.9984295686771032,True
Why isn't my top up working using my saved American Express in ApplePay?,apple_pay_or_google_pay,apple_pay_or_google_pay,0.7563254571232338,True
How do I use the top up app with my apple watch?,apple_pay_or_google_pay,apple_pay_or_google_pay,0.9829226939170994,True
"Google pay and top up, I want it, can I get it?",apple_pay_or_google_pay,apple_pay_or_google_pay,0.9768230694463834,True
What can I use to verify my identify?,verify_my_identity,why_verify_identity,0.4434599688737188,False
What do you need to verify my identity?,verify_my_identity,why_verify_identity,0.5772088272660749,True
"I need to verify my identity, but how do I do that?",verify_my_identity,verify_my_identity,0.7607805526850027,True
How can I verify my indentity?,verify_my_identity,verify_my_identity,0.9722307532908264,True
What is needed to prove my identity?,verify_my_identity,verify_my_identity,0.43688813992149605,False
What do you need for my identity check?,verify_my_identity,why_verify_identity,0.5978058474789801,True
How do you verify an identity?,verify_my_identity,verify_my_identity,0.8849556560148871,True
Is there a specific type you need for identity verification?,verify_my_identity,verify_my_identity,0.5397923904727431,True
I got a message that I need to verify my identity; what do I do?,verify_my_identity,verify_my_identity,0.6598978586029381,True
Are there any documents needed for the identity check?,verify_my_identity,verify_my_identity,0.9887452088652636,True
What are the steps I need to take to verify my identity?,verify_my_identity,verify_my_identity,0.9026110473116019,True
What do I need to verify my identity,verify_my_identity,verify_my_identity,0.7711917655581243,True
I need to verify my identity,verify_my_identity,why_verify_identity,0.8781675406756647,True
I need some help with identity verification.,verify_my_identity,unable_to_verify_identity,0.4214314418596705,False
What's the process for ID verification?,verify_my_identity,verify_my_identity,0.7444485114548829,True
I would like to know how I can verify my Identity.,verify_my_identity,verify_my_identity,0.7528603856430812,True
What kind of documents do I need for the identity check?,verify_my_identity,verify_my_identity,0.9982632711875497,True
Let me know the steps for the identity checks,verify_my_identity,verify_my_identity,0.9653974263135191,True
What should I do to verify my identity?,verify_my_identity,verify_my_identity,0.6196710301896646,True
What are the steps to verify my identity?,verify_my_identity,verify_my_identity,0.9590316294571753,True
How does my identity get verified?,verify_my_identity,unable_to_verify_identity,0.5756522370826516,True
What things do I need to verify my identity?,verify_my_identity,verify_my_identity,0.7653919845977845,True
What steps do I take to verify my identity?,verify_my_identity,verify_my_identity,0.875730626836099,True
Can I verify my identity online?,verify_my_identity,verify_my_identity,0.8683555475948305,True
do the details of my profile have to match my documents,verify_my_identity,edit_personal_details,0.36739181192344145,False
Where do I verify my identity?,verify_my_identity,verify_my_identity,0.9038207835294443,True
"When getting my ID checked, what are the steps involved?",verify_my_identity,verify_my_identity,0.43388101406291496,False
do I need anything for the identity check?,verify_my_identity,verify_my_identity,0.8389452562863611,True
which kind of documentation do I need for identity check?,verify_my_identity,verify_my_identity,0.9796087774671596,True
How do I go forth on verifying my identity?,verify_my_identity,verify_my_identity,0.7059052337756331,True
What can I do to verify my identity?,verify_my_identity,verify_my_identity,0.7718506447246171,True
What do you need so I can verify my identity?,verify_my_identity,verify_my_identity,0.8302999611577452,True
What do I need to show who I am?,verify_my_identity,verify_my_identity,0.9473573812594064,True
Do I need any kind of documentation for the identity check?,verify_my_identity,verify_my_identity,0.9880701920849198,True
What will I need for identity verification?,verify_my_identity,verify_my_identity,0.9864793259356355,True
Is there any way to verify who I am?,verify_my_identity,verify_top_up,0.17323885751813833,False
Is there any documentation needed for the identity check?,verify_my_identity,verify_my_identity,0.9528857748762678,True
What all am I required to show for the identity check?,verify_my_identity,verify_my_identity,0.8931015766405407,True
What do I do for the identity check?,verify_my_identity,verify_my_identity,0.9749476616731958,True
What do I need to do to verify my identity?,verify_my_identity,verify_my_identity,0.863235125831232,True
I live in the US but want to get a card,country_support,country_support,0.994261251688278,True
Are your cards available in Europe?,country_support,country_support,0.9245519060822618,True
Can I use your app if I am from the EU?,country_support,country_support,0.4702329871750997,False
What countries are supported?,country_support,country_support,0.9973435413161552,True
i live in the US can i still get a card?,country_support,country_support,0.9962926225841576,True
Can I get a card outside the UK?,country_support,country_support,0.9695625629697373,True
"I'm not in the UK, can I still get a card?",country_support,country_support,0.9729592604719006,True
"I'm not in the UK, is it possible for me to still get a card?",country_support,country_support,0.8853598725351258,True
Now that I live in the US how can I get a card?,country_support,country_support,0.9882790089805489,True
Can I get one of your cards in the EU,country_support,country_support,0.9604749416574421,True
Can I get a card despite the fact I'm not in the UK?,country_support,country_support,0.9593930044649764,True
Where do I need to live to get support?,country_support,country_support,0.8660011701321565,True
Do you support the EU?,country_support,country_support,0.8763169803051574,True
how do i get a card if i am in the usa,country_support,country_support,0.8287767794945546,True
"Please help me get a new card, I reside in the United States.",country_support,country_support,0.8040109488733258,True
Is it possible to get a card if I'm not in the UK?,country_support,country_support,0.9898626678436449,True
Is my country supported,country_support,country_support,0.8140251513299115,True
From what countries can I use this product?,country_support,country_support,0.9006369944252749,True
Where can I find your locations?,country_support,atm_support,0.4710313733302271,False
Can I get a card even if I live outside the UK?,country_support,country_support,0.9864611130140326,True
"I am from the EU, can I sign up?",country_support,country_support,0.3965425280929572,False
"I would like to receive and use the card in Europe, is that possible?",country_support,country_support,0.3397898168574246,False
What countries do you support?,country_support,country_support,0.9962685876950129,True
What countries are you currently in?,country_support,country_support,0.9841748888073968,True
What locations are you in?,country_support,country_support,0.22086329294681162,False
Can you tell me what countries you operate in?,country_support,country_support,0.9788256766918809,True
"I need a card, but I'm in the US at the moment.",country_support,country_support,0.6900001362802552,True
What countries will my card be supported in?,country_support,country_support,0.9861643279353565,True
Do you have a list of countries you operate in?,country_support,country_support,0.9670718859859282,True
In what countries do you do business?,country_support,country_support,0.9411733425788618,True
I don't live in the UK.  Can I still get a card?,country_support,country_support,0.9863584463644414,True
Where do you support?,country_support,country_support,0.5612342000012077,True
Am I able to get a card in EU?,country_support,country_support,0.8522106077294455,True
What countries do you currently do business in?,country_support,country_support,0.8564350926037287,True
"I'm not in the UK, can I get a card?",country_support,country_support,0.9846052171213636,True
"If i'm not in the UK, can I still get a card?",country_support,country_support,0.9785722599687341,True
How many countries do you support?,country_support,country_support,0.9902404904286817,True
What countries do you do business in?,country_support,country_support,0.948447741709308,True
What are the countries you operate in.,country_support,country_support,0.9894063659547073,True
Can the card be mailed and used in Europe?,country_support,country_support,0.2028234607182571,False
